{
  "type": "FeatureCollection",
  "features": [
    {
      "type": "Feature",
      "geometry": {
        "type": "Polygon",
        "coordinates": [
          [
            [
              -113.99717131367649301612,
              46.86652740857106288181
            ],
            [
              -113.99710918436849301612,
              46.86651085827106288181
            ],
            [
              -113.99711755762949301612,
              46.86649566306906288181
            ],
            [
              -113.99711690469849301612,
              46.86644871498706288181
            ],
            [
              -113.99711690753649301612,
              46.86644648419106288181
            ],
            [
              -113.99711700603849301612,
              46.86644456544306288181
            ],
            [
              -113.99711723372949301612,
              46.86644293436606288181
            ],
            [
              -113.99711762520449301612,
              46.86644156986606288181
            ],
            [
              -113.99711821400049301612,
              46.86644044866206288181
            ],
            [
              -113.99711903572449301612,
              46.86643954855706288181
            ],
            [
              -113.99712012389949301612,
              46.86643884517306288181
            ],
            [
              -113.99712151207949301612,
              46.86643831632706288181
            ],
            [
              -113.99712323484249301612,
              46.86643793982806288181
            ],
            [
              -113.99712532677049301612,
              46.86643769348606288181
            ],
            [
              -113.99712782241249301612,
              46.86643755291606288181
            ],
            [
              -113.99713075429449301612,
              46.86643749594206288181
            ],
            [
              -113.99718361316249301612,
              46.86643712159206288181
            ],
            [
              -113.99718223425549301612,
              46.86633797309906288181
            ],
            [
              -113.99711672652449301612,
              46.86633843703006288181
            ],
            [
              -113.99711479695249301612,
              46.86633840460906288181
            ],
            [
              -113.99711307744449301612,
              46.86633827743206288181
            ],
            [
              -113.99711157406649301612,
              46.86633804887106288181
            ],
            [
              -113.99711028986549301612,
              46.86633771671006288181
            ],
            [
              -113.99710923090549301612,
              46.86633727432306288181
            ],
            [
              -113.99710840023349301612,
              46.86633671949306288181
            ],
            [
              -113.99710780292049301612,
              46.86633604779606288181
            ],
            [
              -113.99710744504549301612,
              46.86633525370106288181
            ],
            [
              -113.99710732861449301612,
              46.86633433390406288181
            ],
            [
              -113.99710746073349301612,
              46.86633328286606288181
            ],
            [
              -113.99710784546149301612,
              46.86633209726806288181
            ],
            [
              -113.99710848684049301612,
              46.86633077269206288181
            ],
            [
              -113.99712963926449301612,
              46.86629231884606288181
            ],
            [
              -113.99661950802649301612,
              46.86616063173906288181
            ],
            [
              -113.99656418898149301612,
              46.86614650528806288181
            ],
            [
              -113.99654259798349301612,
              46.86618588845506288181
            ],
            [
              -113.99654138780949301612,
              46.86618800162406288181
            ],
            [
              -113.99654015571049301612,
              46.86618971882706288181
            ],
            [
              -113.99653886427249301612,
              46.86619107983206288181
            ],
            [
              -113.99653748020149301612,
              46.86619212547406288181
            ],
            [
              -113.99653596613049301612,
              46.86619289881206288181
            ],
            [
              -113.99653428770749301612,
              46.86619343849406288181
            ],
            [
              -113.99653240857549301612,
              46.86619378647506288181
            ],
            [
              -113.99653029340349301612,
              46.86619398470206288181
            ],
            [
              -113.99652790683049301612,
              46.86619407292806288181
            ],
            [
              -113.99652521453449301612,
              46.86619409199506288181
            ],
            [
              -113.99652217810849301612,
              46.86619408387306288181
            ],
            [
              -113.99651876528249301612,
              46.86619408938906288181
            ],
            [
              -113.99650747077549301612,
              46.86619416937806288181
            ],
            [
              -113.99650448650849301612,
              46.86619414881506288181
            ],
            [
              -113.99650204881249301612,
              46.86619402891906288181
            ],
            [
              -113.99650010202249301612,
              46.86619379142706288181
            ],
            [
              -113.99649859151549301612,
              46.86619341917106288181
            ],
            [
              -113.99649746061549301612,
              46.86619289499606288181
            ],
            [
              -113.99649665569349301612,
              46.86619219952906288181
            ],
            [
              -113.99649612108649301612,
              46.86619131451206288181
            ],
            [
              -113.99649580219949301612,
              46.86619022496906288181
            ],
            [
              -113.99649564332249301612,
              46.86618890934806288181
            ],
            [
              -113.99649558883749301612,
              46.86618735268306288181
            ],
            [
              -113.99649558408949301612,
              46.86618553560706288181
            ],
            [
              -113.99649557446949301612,
              46.86618344205006288181
            ],
            [
              -113.99649508905149301612,
              46.86614853854606288181
            ],
            [
              -113.99603879321749301612,
              46.86615177008306288181
            ],
            [
              -113.99590868168449301612,
              46.86615269154706288181
            ],
            [
              -113.99587705644849301612,
              46.86615291552006288181
            ],
            [
              -113.99587744306549301612,
              46.86618071478006288181
            ],
            [
              -113.99587776522749301612,
              46.86620387953806288181
            ],
            [
              -113.99587772820349301612,
              46.86620623458006288181
            ],
            [
              -113.99587752496649301612,
              46.86620822211006288181
            ],
            [
              -113.99587712928149301612,
              46.86620987413506288181
            ],
            [
              -113.99587651183649301612,
              46.86621122268606288181
            ],
            [
              -113.99587564739349301612,
              46.86621229756606288181
            ],
            [
              -113.99587450562949301612,
              46.86621313190906288181
            ],
            [
              -113.99587306027849301612,
              46.86621375552906288181
            ],
            [
              -113.99587128202949301612,
              46.86621420045406288181
            ],
            [
              -113.99586914461649301612,
              46.86621449649706288181
            ],
            [
              -113.99586661978549301612,
              46.86621467787406288181
            ],
            [
              -113.99586368022949301612,
              46.86621477330806288181
            ],
            [
              -113.99586029665049301612,
              46.86621481592506288181
            ],
            [
              -113.99579704823149301612,
              46.86621526385606288181
            ],
            [
              -113.99579782573649301612,
              46.86627116950706288181
            ],
            [
              -113.99579981892349301612,
              46.86641448712906288181
            ],
            [
              -113.99587391039849301612,
              46.86641396240806288181
            ],
            [
              -113.99587756406249301612,
              46.86641400895306288181
            ],
            [
              -113.99588043801449301612,
              46.86641421354206288181
            ],
            [
              -113.99588259497949301612,
              46.86641458560806288181
            ],
            [
              -113.99588410079249301612,
              46.86641513675206288181
            ],
            [
              -113.99588501920249301612,
              46.86641587640106288181
            ],
            [
              -113.99588541500249301612,
              46.86641681506706288181
            ],
            [
              -113.99588535195949301612,
              46.86641796327206288181
            ],
            [
              -113.99588489484949301612,
              46.86641933043206288181
            ],
            [
              -113.99588410949149301612,
              46.86642092705506288181
            ],
            [
              -113.99588305862549301612,
              46.86642276366806288181
            ],
            [
              -113.99588180704449301612,
              46.86642485078706288181
            ],
            [
              -113.99588041953949301612,
              46.86642719892306288181
            ],
            [
              -113.99586499403549301612,
              46.86645510892606288181
            ],
            [
              -113.99595477693249301612,
              46.86647825886706288181
            ],
            [
              -113.99597110062449301612,
              46.86648246765006288181
            ],
            [
              -113.99599967001149301612,
              46.86648998799006288181
            ],
            [
              -113.99601685611749301612,
              46.86645866725306288181
            ],
            [
              -113.99601853078349301612,
              46.86645579148506288181
            ],
            [
              -113.99602007799349301612,
              46.86645349049906288181
            ],
            [
              -113.99602156693949301612,
              46.86645172210806288181
            ],
            [
              -113.99602306679349301612,
              46.86645044302706288181
            ],
            [
              -113.99602464878549301612,
              46.86644960995806288181
            ],
            [
              -113.99602638104649301612,
              46.86644917852806288181
            ],
            [
              -113.99602833584549301612,
              46.86644910652806288181
            ],
            [
              -113.99603058232649301612,
              46.86644934848006288181
            ],
            [
              -113.99603318971049301612,
              46.86644986439106288181
            ],
            [
              -113.99603622815249301612,
              46.86645060767906288181
            ],
            [
              -113.99603976889349301612,
              46.86645153614106288181
            ],
            [
              -113.99604388110949301612,
              46.86645260649606288181
            ],
            [
              -113.99613094465149301612,
              46.86647515792606288181
            ],
            [
              -113.99613430865349301612,
              46.86647614250406288181
            ],
            [
              -113.99613695886049301612,
              46.86647715518106288181
            ],
            [
              -113.99613894998849301612,
              46.86647821970806288181
            ],
            [
              -113.99614033981449301612,
              46.86647935871906288181
            ],
            [
              -113.99614118614849301612,
              46.86648059704306288181
            ],
            [
              -113.99614154367349301612,
              46.86648195623806288181
            ],
            [
              -113.99614147018449301612,
              46.86648346003506288181
            ],
            [
              -113.99614102347249301612,
              46.86648513216506288181
            ],
            [
              -113.99614025822349301612,
              46.86648699418506288181
            ],
            [
              -113.99613923328749301612,
              46.86648907201506288181
            ],
            [
              -113.99613800333349301612,
              46.86649138611506288181
            ],
            [
              -113.99613662719549301612,
              46.86649396130506288181
            ],
            [
              -113.99612164988149301612,
              46.86652155976306288181
            ],
            [
              -113.99697096468649301612,
              46.86674104338706288181
            ],
            [
              -113.99699740976149301612,
              46.86669328474606288181
            ],
            [
              -113.99699811120349301612,
              46.86669222090506288181
            ],
            [
              -113.99699889343849301612,
              46.86669121135606288181
            ],
            [
              -113.99699976181049301612,
              46.86669027142306288181
            ],
            [
              -113.99700071962649301612,
              46.86668941754106288181
            ],
            [
              -113.99700177429749301612,
              46.86668866611806288181
            ],
            [
              -113.99700292810349301612,
              46.86668803359506288181
            ],
            [
              -113.99700418842649301612,
              46.86668753418606288181
            ],
            [
              -113.99700555860349301612,
              46.86668718652106288181
            ],
            [
              -113.99700704396249301612,
              46.86668700482606288181
            ],
            [
              -113.99700864986249301612,
              46.86668700552306288181
            ],
            [
              -113.99701038063749301612,
              46.86668720504106288181
            ],
            [
              -113.99701224164549301612,
              46.86668761979906288181
            ],
            [
              -113.99702040298649301612,
              46.86668972473506288181
            ],
            [
              -113.99703758907749301612,
              46.86665840301706288181
            ],
            [
              -113.99708792945649301612,
              46.86667194682606288181
            ],
            [
              -113.99717131367649301612,
              46.86652740857106288181
            ]
          ]
        ]
      },
      "properties": {
        "svgPathIndex": 1,
        "elementId": null,
        "category": "surface",
        "fill": "#91908B",
        "stroke": "none",
        "strokeWidth": null,
        "__gm_id": "feature-11-part-2",
        "__gm_shape": "polygon",
        "partIndex": 2,
        "sourceGeometryType": "MultiPolygon",
        "fillColor": "#91908b",
        "outlineColor": "#cccccc",
        "outlineEnabled": false,
        "level": "a2"
      },
      "id": "feature-11-part-2"
    },
    {
      "type": "Feature",
      "geometry": {
        "type": "Polygon",
        "coordinates": [
          [
            [
              -113.99645873552849301612,
              46.86632857879906288181
            ],
            [
              -113.99645963515549301612,
              46.86632826299306288181
            ],
            [
              -113.99647991475149301612,
              46.86629197807806288181
            ],
            [
              -113.99649534883149301612,
              46.86626468460406288181
            ],
            [
              -113.99649706743549301612,
              46.86626142665906288181
            ],
            [
              -113.99649804809949301612,
              46.86625874782106288181
            ],
            [
              -113.99649831367249301612,
              46.86625659416206288181
            ],
            [
              -113.99649789003849301612,
              46.86625490843806288181
            ],
            [
              -113.99649680001749301612,
              46.86625363452606288181
            ],
            [
              -113.99649506952349301612,
              46.86625271738006288181
            ],
            [
              -113.99649272136149301612,
              46.86625209977806288181
            ],
            [
              -113.99648977940949301612,
              46.86625172778506288181
            ],
            [
              -113.99648627057549301612,
              46.86625154415006288181
            ],
            [
              -113.99648221665349301612,
              46.86625149275906288181
            ],
            [
              -113.99647764354349301612,
              46.86625151746506288181
            ],
            [
              -113.99647257510649301612,
              46.86625156323606288181
            ],
            [
              -113.99621596468249301612,
              46.86625338057506288181
            ],
            [
              -113.99621245534249301612,
              46.86625352942206288181
            ],
            [
              -113.99620956368949301612,
              46.86625389664306288181
            ],
            [
              -113.99620722568349301612,
              46.86625445196906288181
            ],
            [
              -113.99620538030049301612,
              46.86625516071806288181
            ],
            [
              -113.99620396346849301612,
              46.86625599042506288181
            ],
            [
              -113.99620291113249301612,
              46.86625690972306288181
            ],
            [
              -113.99620216125749301612,
              46.86625788503506288181
            ],
            [
              -113.99620165078249301612,
              46.86625888279206288181
            ],
            [
              -113.99620131460949301612,
              46.86625987053606288181
            ],
            [
              -113.99620109174649301612,
              46.86626081578106288181
            ],
            [
              -113.99620091707849301612,
              46.86626168497206288181
            ],
            [
              -113.99620072963049301612,
              46.86626244671906288181
            ],
            [
              -113.99620058921949301612,
              46.86626363936606288181
            ],
            [
              -113.99620078412449301612,
              46.86626474185606288181
            ],
            [
              -113.99620127644349301612,
              46.86626575884606288181
            ],
            [
              -113.99620202620849301612,
              46.86626669391006288181
            ],
            [
              -113.99620299548549301612,
              46.86626754951306288181
            ],
            [
              -113.99620414329449301612,
              46.86626833033306288181
            ],
            [
              -113.99620543171949301612,
              46.86626903993106288181
            ],
            [
              -113.99620682077449301612,
              46.86626968078406288181
            ],
            [
              -113.99620827151649301612,
              46.86627025646106288181
            ],
            [
              -113.99620974602949301612,
              46.86627077052106288181
            ],
            [
              -113.99621120333249301612,
              46.86627122764406288181
            ],
            [
              -113.99621260446649301612,
              46.86627163030106288181
            ],
            [
              -113.99630783035949301612,
              46.86629628565406288181
            ],
            [
              -113.99630988516149301612,
              46.86629676378306288181
            ],
            [
              -113.99631195390349301612,
              46.86629713757206288181
            ],
            [
              -113.99631401583749301612,
              46.86629739070606288181
            ],
            [
              -113.99631604716549301612,
              46.86629750909206288181
            ],
            [
              -113.99631802612749301612,
              46.86629747752006288181
            ],
            [
              -113.99631992993849301612,
              46.86629728079106288181
            ],
            [
              -113.99632173789249301612,
              46.86629690588206288181
            ],
            [
              -113.99632342717449301612,
              46.86629633540006288181
            ],
            [
              -113.99632497502849301612,
              46.86629555633806288181
            ],
            [
              -113.99632635967949301612,
              46.86629455239106288181
            ],
            [
              -113.99632755939649301612,
              46.86629331054506288181
            ],
            [
              -113.99632855137849301612,
              46.86629181450306288181
            ],
            [
              -113.99634750565349301612,
              46.86625770060306288181
            ],
            [
              -113.99646993696049301612,
              46.86628926821906288181
            ],
            [
              -113.99644612859349301612,
              46.86633175694006288181
            ],
            [
              -113.99645565063049301612,
              46.86633416059006288181
            ],
            [
              -113.99645873552849301612,
              46.86632857879906288181
            ]
          ]
        ]
      },
      "properties": {
        "svgPathIndex": 1,
        "elementId": null,
        "category": "surface",
        "fill": "#91908B",
        "stroke": "none",
        "strokeWidth": null,
        "__gm_id": "feature-11-part-3",
        "__gm_shape": "polygon",
        "partIndex": 3,
        "sourceGeometryType": "MultiPolygon",
        "fillColor": "#cccccc",
        "outlineColor": "#cccccc",
        "outlineEnabled": false,
        "level": "a2"
      },
      "id": "feature-11-part-3"
    },
    {
      "type": "Feature",
      "geometry": {
        "type": "Polygon",
        "coordinates": [
          [
            [
              -113.99655595911949301612,
              46.86630194274406288181
            ],
            [
              -113.99655110501149301612,
              46.86631031649206288181
            ],
            [
              -113.99654052931249301612,
              46.86632954340806288181
            ],
            [
              -113.99652729767149301612,
              46.86635280518906288181
            ],
            [
              -113.99653681970749301612,
              46.86635520883906288181
            ],
            [
              -113.99656062706349301612,
              46.86631272124106288181
            ],
            [
              -113.99701498350049301612,
              46.86642997539106288181
            ],
            [
              -113.99699162761249301612,
              46.86647246079606288181
            ],
            [
              -113.99701747762949301612,
              46.86647938152906288181
            ],
            [
              -113.99702029386949301612,
              46.86648008469306288181
            ],
            [
              -113.99702284680849301612,
              46.86648067011806288181
            ],
            [
              -113.99702514118149301612,
              46.86648110924206288181
            ],
            [
              -113.99702717760249301612,
              46.86648137243206288181
            ],
            [
              -113.99702896184449301612,
              46.86648143221606288181
            ],
            [
              -113.99703049452249301612,
              46.86648125896406288181
            ],
            [
              -113.99703177831849301612,
              46.86648082412706288181
            ],
            [
              -113.99703281690849301612,
              46.86648009695406288181
            ],
            [
              -113.99703361197849301612,
              46.86647905110006288181
            ],
            [
              -113.99703416719049301612,
              46.86647765471706288181
            ],
            [
              -113.99703448525549301612,
              46.86647588145106288181
            ],
            [
              -113.99703456882449301612,
              46.86647370056006288181
            ],
            [
              -113.99703338752149301612,
              46.86638876056306288181
            ],
            [
              -113.99703337849449301612,
              46.86638766883006288181
            ],
            [
              -113.99703337126149301612,
              46.86638655843006288181
            ],
            [
              -113.99703334750349301612,
              46.86638544046506288181
            ],
            [
              -113.99703329193949301612,
              46.86638432272706288181
            ],
            [
              -113.99703318518149301612,
              46.86638321303106288181
            ],
            [
              -113.99703301199049301612,
              46.86638212246006288181
            ],
            [
              -113.99703275500149301612,
              46.86638105662306288181
            ],
            [
              -113.99703239487149301612,
              46.86638002662906288181
            ],
            [
              -113.99703191735849301612,
              46.86637904135806288181
            ],
            [
              -113.99703130408649301612,
              46.86637810752306288181
            ],
            [
              -113.99703053773449301612,
              46.86637723402606288181
            ],
            [
              -113.99702960101149301612,
              46.86637643196106288181
            ],
            [
              -113.99702730710249301612,
              46.86637499320806288181
            ],
            [
              -113.99702500937149301612,
              46.86637401753606288181
            ],
            [
              -113.99702273290549301612,
              46.86637346416706288181
            ],
            [
              -113.99702050381749301612,
              46.86637329231806288181
            ],
            [
              -113.99701834929049301612,
              46.86637346448906288181
            ],
            [
              -113.99701629439549301612,
              46.86637393880406288181
            ],
            [
              -113.99701436527549301612,
              46.86637467667306288181
            ],
            [
              -113.99701258804149301612,
              46.86637563731306288181
            ],
            [
              -113.99701098984749301612,
              46.86637678102906288181
            ],
            [
              -113.99700959476949301612,
              46.86637806814806288181
            ],
            [
              -113.99700843097149301612,
              46.86637945787106288181
            ],
            [
              -113.99700752358449301612,
              46.86638091271206288181
            ],
            [
              -113.99698946034649301612,
              46.86641409301806288181
            ],
            [
              -113.99656548115549301612,
              46.86630434639606288181
            ],
            [
              -113.99658841033849301612,
              46.86626371719606288181
            ],
            [
              -113.99657888830249301612,
              46.86626131354306288181
            ],
            [
              -113.99655595911949301612,
              46.86630194274406288181
            ]
          ]
        ]
      },
      "properties": {
        "svgPathIndex": 1,
        "elementId": null,
        "category": "surface",
        "fill": "#91908B",
        "stroke": "none",
        "strokeWidth": null,
        "__gm_id": "feature-11-part-4",
        "__gm_shape": "polygon",
        "partIndex": 4,
        "sourceGeometryType": "MultiPolygon",
        "fillColor": "#cccccc",
        "outlineColor": "#cccccc",
        "outlineEnabled": false,
        "level": "a2"
      },
      "id": "feature-11-part-4"
    },
    {
      "type": "Feature",
      "geometry": {
        "type": "Polygon",
        "coordinates": [
          [
            [
              -113.99610182746349301612,
              46.86652571509906288181
            ],
            [
              -113.99610227032449301612,
              46.86652509419306288181
            ],
            [
              -113.99611372846949301612,
              46.86650431612506288181
            ],
            [
              -113.99611549234949301612,
              46.86650121478506288181
            ],
            [
              -113.99611504089749301612,
              46.86650121798306288181
            ],
            [
              -113.99611856539549301612,
              46.86649470699006288181
            ],
            [
              -113.99612958498149301612,
              46.86647485921906288181
            ],
            [
              -113.99610010736249301612,
              46.86646703587606288181
            ],
            [
              -113.99609657859149301612,
              46.86647323966306288181
            ],
            [
              -113.99609657428849301612,
              46.86647293026006288181
            ],
            [
              -113.99609437185049301612,
              46.86647696191006288181
            ],
            [
              -113.99608599430149301612,
              46.86649184881206288181
            ],
            [
              -113.99608379511049301612,
              46.86649618767706288181
            ],
            [
              -113.99608247410649301612,
              46.86649866920806288181
            ],
            [
              -113.99607454473249301612,
              46.86651324349606288181
            ],
            [
              -113.99607189840749301612,
              46.86651789605706288181
            ],
            [
              -113.99610182746349301612,
              46.86652571509906288181
            ]
          ]
        ]
      },
      "properties": {
        "svgPathIndex": 2,
        "elementId": null,
        "category": "surface",
        "fill": "#CCCCCC",
        "stroke": "#91908B",
        "strokeWidth": 0.3,
        "__gm_id": "feature-13",
        "__gm_shape": "polygon",
        "fillColor": "#cccccc",
        "outlineColor": "#91908b",
        "level": "a2"
      },
      "id": "feature-13"
    },
    {
      "type": "Feature",
      "geometry": {
        "type": "Polygon",
        "coordinates": [
          [
            [
              -113.99607189840749301612,
              46.86651789605706288181
            ],
            [
              -113.99607188981649301612,
              46.86651727834806288181
            ],
            [
              -113.99608380371649301612,
              46.86649680648306288181
            ],
            [
              -113.99608556431949301612,
              46.86649339573306288181
            ],
            [
              -113.99608511184149301612,
              46.86649339893706288181
            ],
            [
              -113.99608864062649301612,
              46.86648719624906288181
            ],
            [
              -113.99609965591049301612,
              46.86646703907306288181
            ],
            [
              -113.99606973114149301612,
              46.86645952832806288181
            ],
            [
              -113.99606665054649301612,
              46.86646541950906288181
            ],
            [
              -113.99606444277949301612,
              46.86646914176406288181
            ],
            [
              -113.99605606523049301612,
              46.86648402866806288181
            ],
            [
              -113.99605387035649301612,
              46.86648867803406288181
            ],
            [
              -113.99605254503549301612,
              46.86649084906506288181
            ],
            [
              -113.99604461567649301612,
              46.86650542445306288181
            ],
            [
              -113.99604196933549301612,
              46.86651007591706288181
            ],
            [
              -113.99607189840749301612,
              46.86651789605706288181
            ]
          ]
        ]
      },
      "properties": {
        "svgPathIndex": 3,
        "elementId": null,
        "category": "surface",
        "fill": "#CCCCCC",
        "stroke": "#91908B",
        "strokeWidth": 0.3,
        "__gm_id": "feature-15",
        "__gm_shape": "polygon",
        "fillColor": "#cccccc",
        "outlineColor": "#91908b",
        "level": "a2"
      },
      "id": "feature-15"
    },
    {
      "type": "Feature",
      "geometry": {
        "type": "Polygon",
        "coordinates": [
          [
            [
              -113.99604196933549301612,
              46.86651007591706288181
            ],
            [
              -113.99604196504849301612,
              46.86650976761106288181
            ],
            [
              -113.99605342319249301612,
              46.86648898953706288181
            ],
            [
              -113.99605518707249301612,
              46.86648588819706288181
            ],
            [
              -113.99605518276949301612,
              46.86648557879406288181
            ],
            [
              -113.99605871155549301612,
              46.86647937610506288181
            ],
            [
              -113.99606973114149301612,
              46.86645952832806288181
            ],
            [
              -113.99603980208549301612,
              46.86645170927706288181
            ],
            [
              -113.99603672148949301612,
              46.86645760045906288181
            ],
            [
              -113.99603451801049301612,
              46.86646163102006288181
            ],
            [
              -113.99602613617349301612,
              46.86647620962006288181
            ],
            [
              -113.99602348983349301612,
              46.86648086108706288181
            ],
            [
              -113.99602394128549301612,
              46.86648085789006288181
            ],
            [
              -113.99602261597849301612,
              46.86648303001806288181
            ],
            [
              -113.99601423842949301612,
              46.86649791691806288181
            ],
            [
              -113.99601204027949301612,
              46.86650225687306288181
            ],
            [
              -113.99604196933549301612,
              46.86651007591706288181
            ]
          ]
        ]
      },
      "properties": {
        "svgPathIndex": 4,
        "elementId": null,
        "category": "surface",
        "fill": "#CCCCCC",
        "stroke": "#91908B",
        "strokeWidth": 0.3,
        "__gm_id": "feature-17",
        "__gm_shape": "polygon",
        "fillColor": "#cccccc",
        "outlineColor": "#91908b",
        "level": "a2"
      },
      "id": "feature-17"
    },
    {
      "type": "Feature",
      "geometry": {
        "type": "Polygon",
        "coordinates": [
          [
            [
              -113.99594710060249301612,
              46.86628370441206288181
            ],
            [
              -113.99594803704549301612,
              46.86635103818506288181
            ],
            [
              -113.99594807434449301612,
              46.86635298230906288181
            ],
            [
              -113.99594813345749301612,
              46.86635479789606288181
            ],
            [
              -113.99594821851749301612,
              46.86635648711206288181
            ],
            [
              -113.99594833568249301612,
              46.86635804991306288181
            ],
            [
              -113.99594848805949301612,
              46.86635948847106288181
            ],
            [
              -113.99594868180549301612,
              46.86636080274306288181
            ],
            [
              -113.99594892002949301612,
              46.86636199490206288181
            ],
            [
              -113.99594920890149301612,
              46.86636306600006288181
            ],
            [
              -113.99594955252749301612,
              46.86636401600906288181
            ],
            [
              -113.99594995504049301612,
              46.86636484709506288181
            ],
            [
              -113.99595042259749301612,
              46.86636555921306288181
            ],
            [
              -113.99595095830649301612,
              46.86636615453606288181
            ],
            [
              -113.99595120674649301612,
              46.86636638430406288181
            ],
            [
              -113.99595149213949301612,
              46.86636661490706288181
            ],
            [
              -113.99595181554049301612,
              46.86636684853306288181
            ],
            [
              -113.99595217590949301612,
              46.86636708409106288181
            ],
            [
              -113.99595257532749301612,
              46.86636732376206288181
            ],
            [
              -113.99595301175949301612,
              46.86636756865806288181
            ],
            [
              -113.99595348522049301612,
              46.86636781987506288181
            ],
            [
              -113.99595399776149301612,
              46.86636807739806288181
            ],
            [
              -113.99595454737649301612,
              46.86636834453506288181
            ],
            [
              -113.99595513405149301612,
              46.86636862018806288181
            ],
            [
              -113.99595575986749301612,
              46.86636890653606288181
            ],
            [
              -113.99595642278849301612,
              46.86636920469206288181
            ],
            [
              -113.99595953060049301612,
              46.86637028764706288181
            ],
            [
              -113.99596229016449301612,
              46.86637097365806288181
            ],
            [
              -113.99596473262849301612,
              46.86637128883706288181
            ],
            [
              -113.99596689322849301612,
              46.86637125817406288181
            ],
            [
              -113.99596880516249301612,
              46.86637090776706288181
            ],
            [
              -113.99597050060449301612,
              46.86637026372406288181
            ],
            [
              -113.99597201374849301612,
              46.86636934994306288181
            ],
            [
              -113.99597337676849301612,
              46.86636819253006288181
            ],
            [
              -113.99597462489949301612,
              46.86636681647506288181
            ],
            [
              -113.99597579032949301612,
              46.86636524898006288181
            ],
            [
              -113.99597690520249301612,
              46.86636351395806288181
            ],
            [
              -113.99597800476849301612,
              46.86636163749606288181
            ],
            [
              -113.99599475129049301612,
              46.86633124700306288181
            ],
            [
              -113.99638970638149301612,
              46.86643316810706288181
            ],
            [
              -113.99636589904049301612,
              46.86647565670706288181
            ],
            [
              -113.99637542005149301612,
              46.86647806035806288181
            ],
            [
              -113.99639922739149301612,
              46.86643557176006288181
            ],
            [
              -113.99647087545849301612,
              46.86645421631706288181
            ],
            [
              -113.99644706709149301612,
              46.86649670490806288181
            ],
            [
              -113.99645658912849301612,
              46.86649910855006288181
            ],
            [
              -113.99648039646949301612,
              46.86645661996906288181
            ],
            [
              -113.99696694988049301612,
              46.86658229564306288181
            ],
            [
              -113.99694711847449301612,
              46.86661826885306288181
            ],
            [
              -113.99694359399149301612,
              46.86662478092806288181
            ],
            [
              -113.99694507356949301612,
              46.86662506890906288181
            ],
            [
              -113.99694655284949301612,
              46.86662518791206288181
            ],
            [
              -113.99694801866049301612,
              46.86662515009906288181
            ],
            [
              -113.99694945372849301612,
              46.86662496766306288181
            ],
            [
              -113.99695084284749301612,
              46.86662465387906288181
            ],
            [
              -113.99695217074649301612,
              46.86662421763306288181
            ],
            [
              -113.99695342223549301612,
              46.86662367329806288181
            ],
            [
              -113.99695458106549301612,
              46.86662303305806288181
            ],
            [
              -113.99695563196749301612,
              46.86662230580006288181
            ],
            [
              -113.99695655976549301612,
              46.86662150699406288181
            ],
            [
              -113.99695734818049301612,
              46.86662064663006288181
            ],
            [
              -113.99695798197349301612,
              46.86661973578906288181
            ],
            [
              -113.99697651487149301612,
              46.86658778782106288181
            ],
            [
              -113.99697684402649301612,
              46.86658718088806288181
            ],
            [
              -113.99697717148049301612,
              46.86658659920606288181
            ],
            [
              -113.99697749314449301612,
              46.86658604389806288181
            ],
            [
              -113.99697780489949301612,
              46.86658551389906288181
            ],
            [
              -113.99697810469349301612,
              46.86658500922206288181
            ],
            [
              -113.99697838946249301612,
              46.86658453098506288181
            ],
            [
              -113.99697865510349301612,
              46.86658407921906288181
            ],
            [
              -113.99697890057449301612,
              46.86658365283306288181
            ],
            [
              -113.99697911972049301612,
              46.86658325187206288181
            ],
            [
              -113.99697931152949301612,
              46.86658287743806288181
            ],
            [
              -113.99697947290949301612,
              46.86658252845706288181
            ],
            [
              -113.99697959976949301612,
              46.86658220605606288181
            ],
            [
              -113.99700561918049301612,
              46.86653630469306288181
            ],
            [
              -113.99699292203449301612,
              46.86653299633606288181
            ],
            [
              -113.99696956614549301612,
              46.86657548165906288181
            ],
            [
              -113.99648391666449301612,
              46.86644979956706288181
            ],
            [
              -113.99650772400449301612,
              46.86640731094706288181
            ],
            [
              -113.99649820196849301612,
              46.86640490730006288181
            ],
            [
              -113.99647439462749301612,
              46.86644739592306288181
            ],
            [
              -113.99640274758649301612,
              46.86642875135606288181
            ],
            [
              -113.99642655492749301612,
              46.86638626271906288181
            ],
            [
              -113.99641703289049301612,
              46.86638385907106288181
            ],
            [
              -113.99639322555049301612,
              46.86642634771006288181
            ],
            [
              -113.99596924634349301612,
              46.86631660001506288181
            ],
            [
              -113.99598378938749301612,
              46.86629024007106288181
            ],
            [
              -113.99598530297049301612,
              46.86628758708806288181
            ],
            [
              -113.99598671037049301612,
              46.86628519381506288181
            ],
            [
              -113.99598793945949301612,
              46.86628303881906288181
            ],
            [
              -113.99598891703849301612,
              46.86628109738006288181
            ],
            [
              -113.99598957096549301612,
              46.86627934696706288181
            ],
            [
              -113.99598982805649301612,
              46.86627776395706288181
            ],
            [
              -113.99598961721049301612,
              46.86627632690806288181
            ],
            [
              -113.99598886522949301612,
              46.86627501110106288181
            ],
            [
              -113.99598749997049301612,
              46.86627379400306288181
            ],
            [
              -113.99598544824949301612,
              46.86627265199406288181
            ],
            [
              -113.99598263793949301612,
              46.86627156363806288181
            ],
            [
              -113.99597899686849301612,
              46.86627050420806288181
            ],
            [
              -113.99597312561449301612,
              46.86626912041406288181
            ],
            [
              -113.99596795686849301612,
              46.86626800377106288181
            ],
            [
              -113.99596345448849301612,
              46.86626721159606288181
            ],
            [
              -113.99595958330949301612,
              46.86626679790306288181
            ],
            [
              -113.99595630816949301612,
              46.86626681670806288181
            ],
            [
              -113.99595359395149301612,
              46.86626732532006288181
            ],
            [
              -113.99595140443449301612,
              46.86626837556806288181
            ],
            [
              -113.99594970554249301612,
              46.86627002584806288181
            ],
            [
              -113.99594846002949301612,
              46.86627232799706288181
            ],
            [
              -113.99594763481549301612,
              46.86627533821106288181
            ],
            [
              -113.99594719374149301612,
              46.86627911270806288181
            ],
            [
              -113.99594710060249301612,
              46.86628370441206288181
            ]
          ]
        ]
      },
      "properties": {
        "svgPathIndex": 1,
        "elementId": null,
        "category": "surface",
        "fill": "#91908B",
        "stroke": "none",
        "strokeWidth": null,
        "__gm_id": "feature-11-part-1",
        "__gm_shape": "polygon",
        "partIndex": 1,
        "sourceGeometryType": "MultiPolygon",
        "fillColor": "#cccccc",
        "outlineColor": "#cccccc",
        "outlineEnabled": true,
        "level": "a2"
      },
      "id": "feature-11-part-1"
    },
    {
      "type": "Feature",
      "geometry": {
        "type": "LineString",
        "coordinates": [
          [
            -113.99617538627849301612,
            46.86648689024706288181
          ],
          [
            -113.99615203039049301612,
            46.86652937560706288181
          ]
        ]
      },
      "properties": {
        "svgPathIndex": 5,
        "elementId": null,
        "category": "parking_marking",
        "fill": "none",
        "stroke": "#CCCCCC",
        "strokeWidth": 0.4,
        "__gm_id": "feature-19",
        "__gm_shape": "line",
        "fillColor": "#8f623f",
        "outlineColor": "#cccccc",
        "level": "a2"
      },
      "id": "feature-19"
    },
    {
      "type": "Feature",
      "geometry": {
        "type": "LineString",
        "coordinates": [
          [
            -113.99620576680249301612,
            46.86649470719406288181
          ],
          [
            -113.99618241089849301612,
            46.86653719145006288181
          ]
        ]
      },
      "properties": {
        "svgPathIndex": 6,
        "elementId": null,
        "category": "parking_marking",
        "fill": "none",
        "stroke": "#CCCCCC",
        "strokeWidth": 0.4,
        "__gm_id": "feature-21",
        "__gm_shape": "line",
        "fillColor": "#8f623f",
        "outlineColor": "#cccccc",
        "level": "a2"
      },
      "id": "feature-21"
    },
    {
      "type": "Feature",
      "geometry": {
        "type": "LineString",
        "coordinates": [
          [
            -113.99623614731049301612,
            46.86650252304206288181
          ],
          [
            -113.99621279142149301612,
            46.86654500838906288181
          ]
        ]
      },
      "properties": {
        "svgPathIndex": 7,
        "elementId": null,
        "category": "parking_marking",
        "fill": "none",
        "stroke": "#CCCCCC",
        "strokeWidth": 0.4,
        "__gm_id": "feature-23",
        "__gm_shape": "line",
        "fillColor": "#8f623f",
        "outlineColor": "#cccccc",
        "level": "a2"
      },
      "id": "feature-23"
    },
    {
      "type": "Feature",
      "geometry": {
        "type": "LineString",
        "coordinates": [
          [
            -113.99626652884449301612,
            46.86651033888106288181
          ],
          [
            -113.99624272047849301612,
            46.86655282742706288181
          ]
        ]
      },
      "properties": {
        "svgPathIndex": 8,
        "elementId": null,
        "category": "parking_marking",
        "fill": "none",
        "stroke": "#CCCCCC",
        "strokeWidth": 0.4,
        "__gm_id": "feature-25",
        "__gm_shape": "line",
        "fillColor": "#8f623f",
        "outlineColor": "#cccccc",
        "level": "a2"
      },
      "id": "feature-25"
    },
    {
      "type": "Feature",
      "geometry": {
        "type": "LineString",
        "coordinates": [
          [
            -113.99629690936849301612,
            46.86651815582406288181
          ],
          [
            -113.99627310202749301612,
            46.86656064435706288181
          ]
        ]
      },
      "properties": {
        "svgPathIndex": 9,
        "elementId": null,
        "category": "parking_marking",
        "fill": "none",
        "stroke": "#CCCCCC",
        "strokeWidth": 0.4,
        "__gm_id": "feature-27",
        "__gm_shape": "line",
        "fillColor": "#8f623f",
        "outlineColor": "#cccccc",
        "level": "a2"
      },
      "id": "feature-27"
    },
    {
      "type": "Feature",
      "geometry": {
        "type": "LineString",
        "coordinates": [
          [
            -113.99632683842449301612,
            46.86652597486606288181
          ],
          [
            -113.99630348253549301612,
            46.86656846019506288181
          ]
        ]
      },
      "properties": {
        "svgPathIndex": 10,
        "elementId": null,
        "category": "parking_marking",
        "fill": "none",
        "stroke": "#CCCCCC",
        "strokeWidth": 0.4,
        "__gm_id": "feature-29",
        "__gm_shape": "line",
        "fillColor": "#8f623f",
        "outlineColor": "#cccccc",
        "level": "a2"
      },
      "id": "feature-29"
    },
    {
      "type": "Feature",
      "geometry": {
        "type": "LineString",
        "coordinates": [
          [
            -113.99635721894749301612,
            46.86653379180606288181
          ],
          [
            -113.99633386304449301612,
            46.86657627603206288181
          ]
        ]
      },
      "properties": {
        "svgPathIndex": 11,
        "elementId": null,
        "category": "parking_marking",
        "fill": "none",
        "stroke": "#CCCCCC",
        "strokeWidth": 0.4,
        "__gm_id": "feature-31",
        "__gm_shape": "line",
        "fillColor": "#8f623f",
        "outlineColor": "#cccccc",
        "level": "a2"
      },
      "id": "feature-31"
    },
    {
      "type": "Feature",
      "geometry": {
        "type": "LineString",
        "coordinates": [
          [
            -113.99638759945649301612,
            46.86654160764906288181
          ],
          [
            -113.99636424785549301612,
            46.86658440127106288181
          ]
        ]
      },
      "properties": {
        "svgPathIndex": 12,
        "elementId": null,
        "category": "parking_marking",
        "fill": "none",
        "stroke": "#CCCCCC",
        "strokeWidth": 0.4,
        "__gm_id": "feature-33",
        "__gm_shape": "line",
        "fillColor": "#8f623f",
        "outlineColor": "#cccccc",
        "level": "a2"
      },
      "id": "feature-33"
    },
    {
      "type": "Feature",
      "geometry": {
        "type": "LineString",
        "coordinates": [
          [
            -113.99641798099049301612,
            46.86654942348206288181
          ],
          [
            -113.99639462940449301612,
            46.86659221819606288181
          ]
        ]
      },
      "properties": {
        "svgPathIndex": 13,
        "elementId": null,
        "category": "parking_marking",
        "fill": "none",
        "stroke": "#CCCCCC",
        "strokeWidth": 0.4,
        "__gm_id": "feature-35",
        "__gm_shape": "line",
        "fillColor": "#8f623f",
        "outlineColor": "#cccccc",
        "level": "a2"
      },
      "id": "feature-35"
    },
    {
      "type": "Feature",
      "geometry": {
        "type": "LineString",
        "coordinates": [
          [
            -113.99644836151349301612,
            46.86655724042006288181
          ],
          [
            -113.99642500991349301612,
            46.86660003402906288181
          ]
        ]
      },
      "properties": {
        "svgPathIndex": 14,
        "elementId": null,
        "category": "parking_marking",
        "fill": "none",
        "stroke": "#CCCCCC",
        "strokeWidth": 0.4,
        "__gm_id": "feature-37",
        "__gm_shape": "line",
        "fillColor": "#8f623f",
        "outlineColor": "#cccccc",
        "level": "a2"
      },
      "id": "feature-37"
    },
    {
      "type": "Feature",
      "geometry": {
        "type": "LineString",
        "coordinates": [
          [
            -113.99647874202249301612,
            46.86656505625906288181
          ],
          [
            -113.99645539043649301612,
            46.86660785095906288181
          ]
        ]
      },
      "properties": {
        "svgPathIndex": 15,
        "elementId": null,
        "category": "parking_marking",
        "fill": "none",
        "stroke": "#CCCCCC",
        "strokeWidth": 0.4,
        "__gm_id": "feature-39",
        "__gm_shape": "line",
        "fillColor": "#8f623f",
        "outlineColor": "#cccccc",
        "level": "a2"
      },
      "id": "feature-39"
    },
    {
      "type": "Feature",
      "geometry": {
        "type": "LineString",
        "coordinates": [
          [
            -113.99650912684849301612,
            46.86657318259606288181
          ],
          [
            -113.99648577197049301612,
            46.86661566678306288181
          ]
        ]
      },
      "properties": {
        "svgPathIndex": 16,
        "elementId": null,
        "category": "parking_marking",
        "fill": "none",
        "stroke": "#CCCCCC",
        "strokeWidth": 0.4,
        "__gm_id": "feature-41",
        "__gm_shape": "line",
        "fillColor": "#8f623f",
        "outlineColor": "#cccccc",
        "level": "a2"
      },
      "id": "feature-41"
    },
    {
      "type": "Feature",
      "geometry": {
        "type": "LineString",
        "coordinates": [
          [
            -113.99653950838249301612,
            46.86658099842506288181
          ],
          [
            -113.99651615247949301612,
            46.86662348261406288181
          ]
        ]
      },
      "properties": {
        "svgPathIndex": 17,
        "elementId": null,
        "category": "parking_marking",
        "fill": "none",
        "stroke": "#CCCCCC",
        "strokeWidth": 0.4,
        "__gm_id": "feature-43",
        "__gm_shape": "line",
        "fillColor": "#8f623f",
        "outlineColor": "#cccccc",
        "level": "a2"
      },
      "id": "feature-43"
    },
    {
      "type": "Feature",
      "geometry": {
        "type": "LineString",
        "coordinates": [
          [
            -113.99656988889149301612,
            46.86658881426106288181
          ],
          [
            -113.99654608155049301612,
            46.86663130273706288181
          ]
        ]
      },
      "properties": {
        "svgPathIndex": 18,
        "elementId": null,
        "category": "parking_marking",
        "fill": "none",
        "stroke": "#CCCCCC",
        "strokeWidth": 0.4,
        "__gm_id": "feature-45",
        "__gm_shape": "line",
        "fillColor": "#8f623f",
        "outlineColor": "#cccccc",
        "level": "a2"
      },
      "id": "feature-45"
    },
    {
      "type": "Feature",
      "geometry": {
        "type": "LineString",
        "coordinates": [
          [
            -113.99660026941449301612,
            46.86659663119206288181
          ],
          [
            -113.99657646207449301612,
            46.86663911966306288181
          ]
        ]
      },
      "properties": {
        "svgPathIndex": 19,
        "elementId": null,
        "category": "parking_marking",
        "fill": "none",
        "stroke": "#CCCCCC",
        "strokeWidth": 0.4,
        "__gm_id": "feature-47",
        "__gm_shape": "line",
        "fillColor": "#8f623f",
        "outlineColor": "#cccccc",
        "level": "a2"
      },
      "id": "feature-47"
    },
    {
      "type": "Feature",
      "geometry": {
        "type": "LineString",
        "coordinates": [
          [
            -113.99663019847049301612,
            46.86660445022206288181
          ],
          [
            -113.99660684258249301612,
            46.86664693549006288181
          ]
        ]
      },
      "properties": {
        "svgPathIndex": 20,
        "elementId": null,
        "category": "parking_marking",
        "fill": "none",
        "stroke": "#CCCCCC",
        "strokeWidth": 0.4,
        "__gm_id": "feature-49",
        "__gm_shape": "line",
        "fillColor": "#8f623f",
        "outlineColor": "#cccccc",
        "level": "a2"
      },
      "id": "feature-49"
    },
    {
      "type": "Feature",
      "geometry": {
        "type": "LineString",
        "coordinates": [
          [
            -113.99666057899449301612,
            46.86661226715206288181
          ],
          [
            -113.99663722411649301612,
            46.86665475130806288181
          ]
        ]
      },
      "properties": {
        "svgPathIndex": 21,
        "elementId": null,
        "category": "parking_marking",
        "fill": "none",
        "stroke": "#CCCCCC",
        "strokeWidth": 0.4,
        "__gm_id": "feature-51",
        "__gm_shape": "line",
        "fillColor": "#8f623f",
        "outlineColor": "#cccccc",
        "level": "a2"
      },
      "id": "feature-51"
    },
    {
      "type": "Feature",
      "geometry": {
        "type": "LineString",
        "coordinates": [
          [
            -113.99669096052849301612,
            46.86662008297506288181
          ],
          [
            -113.99666760464049301612,
            46.86666256823006288181
          ]
        ]
      },
      "properties": {
        "svgPathIndex": 22,
        "elementId": null,
        "category": "parking_marking",
        "fill": "none",
        "stroke": "#CCCCCC",
        "strokeWidth": 0.4,
        "__gm_id": "feature-53",
        "__gm_shape": "line",
        "fillColor": "#8f623f",
        "outlineColor": "#cccccc",
        "level": "a2"
      },
      "id": "feature-53"
    },
    {
      "type": "Feature",
      "geometry": {
        "type": "LineString",
        "coordinates": [
          [
            -113.99672134105249301612,
            46.86662789990206288181
          ],
          [
            -113.99669798514849301612,
            46.86667038405306288181
          ]
        ]
      },
      "properties": {
        "svgPathIndex": 23,
        "elementId": null,
        "category": "parking_marking",
        "fill": "none",
        "stroke": "#CCCCCC",
        "strokeWidth": 0.4,
        "__gm_id": "feature-55",
        "__gm_shape": "line",
        "fillColor": "#8f623f",
        "outlineColor": "#cccccc",
        "level": "a2"
      },
      "id": "feature-55"
    },
    {
      "type": "Feature",
      "geometry": {
        "type": "LineString",
        "coordinates": [
          [
            -113.99675172156049301612,
            46.86663571573106288181
          ],
          [
            -113.99672836567149301612,
            46.86667820097306288181
          ]
        ]
      },
      "properties": {
        "svgPathIndex": 24,
        "elementId": null,
        "category": "parking_marking",
        "fill": "none",
        "stroke": "#CCCCCC",
        "strokeWidth": 0.4,
        "__gm_id": "feature-57",
        "__gm_shape": "line",
        "fillColor": "#8f623f",
        "outlineColor": "#cccccc",
        "level": "a2"
      },
      "id": "feature-57"
    },
    {
      "type": "Feature",
      "geometry": {
        "type": "LineString",
        "coordinates": [
          [
            -113.99678210206849301612,
            46.86664353155806288181
          ],
          [
            -113.99675875150949301612,
            46.86668632618906288181
          ]
        ]
      },
      "properties": {
        "svgPathIndex": 25,
        "elementId": null,
        "category": "parking_marking",
        "fill": "none",
        "stroke": "#CCCCCC",
        "strokeWidth": 0.4,
        "__gm_id": "feature-59",
        "__gm_shape": "line",
        "fillColor": "#8f623f",
        "outlineColor": "#cccccc",
        "level": "a2"
      },
      "id": "feature-59"
    },
    {
      "type": "Feature",
      "geometry": {
        "type": "LineString",
        "coordinates": [
          [
            -113.99681248361849301612,
            46.86665134847406288181
          ],
          [
            -113.99678913201749301612,
            46.86669414200906288181
          ]
        ]
      },
      "properties": {
        "svgPathIndex": 26,
        "elementId": null,
        "category": "parking_marking",
        "fill": "none",
        "stroke": "#CCCCCC",
        "strokeWidth": 0.4,
        "__gm_id": "feature-61",
        "__gm_shape": "line",
        "fillColor": "#8f623f",
        "outlineColor": "#cccccc",
        "level": "a2"
      },
      "id": "feature-61"
    },
    {
      "type": "Feature",
      "geometry": {
        "type": "LineString",
        "coordinates": [
          [
            -113.99684286412649301612,
            46.86665916429906288181
          ],
          [
            -113.99681951254049301612,
            46.86670195892506288181
          ]
        ]
      },
      "properties": {
        "svgPathIndex": 27,
        "elementId": null,
        "category": "parking_marking",
        "fill": "none",
        "stroke": "#CCCCCC",
        "strokeWidth": 0.4,
        "__gm_id": "feature-63",
        "__gm_shape": "line",
        "fillColor": "#8f623f",
        "outlineColor": "#cccccc",
        "level": "a2"
      },
      "id": "feature-63"
    },
    {
      "type": "Feature",
      "geometry": {
        "type": "LineString",
        "coordinates": [
          [
            -113.99687324464949301612,
            46.86666698122106288181
          ],
          [
            -113.99684989304949301612,
            46.86670977474306288181
          ]
        ]
      },
      "properties": {
        "svgPathIndex": 28,
        "elementId": null,
        "category": "parking_marking",
        "fill": "none",
        "stroke": "#CCCCCC",
        "strokeWidth": 0.4,
        "__gm_id": "feature-65",
        "__gm_shape": "line",
        "fillColor": "#8f623f",
        "outlineColor": "#cccccc",
        "level": "a2"
      },
      "id": "feature-65"
    },
    {
      "type": "Feature",
      "geometry": {
        "type": "LineString",
        "coordinates": [
          [
            -113.99690362618449301612,
            46.86667479703606288181
          ],
          [
            -113.99687982210549301612,
            46.86671759375706288181
          ]
        ]
      },
      "properties": {
        "svgPathIndex": 29,
        "elementId": null,
        "category": "parking_marking",
        "fill": "none",
        "stroke": "#CCCCCC",
        "strokeWidth": 0.4,
        "__gm_id": "feature-67",
        "__gm_shape": "line",
        "fillColor": "#8f623f",
        "outlineColor": "#cccccc",
        "level": "a2"
      },
      "id": "feature-67"
    },
    {
      "type": "Feature",
      "geometry": {
        "type": "LineString",
        "coordinates": [
          [
            -113.99693355851749301612,
            46.86668292546406288181
          ],
          [
            -113.99691020365449301612,
            46.86672541066206288181
          ]
        ]
      },
      "properties": {
        "svgPathIndex": 30,
        "elementId": null,
        "category": "parking_marking",
        "fill": "none",
        "stroke": "#CCCCCC",
        "strokeWidth": 0.4,
        "__gm_id": "feature-69",
        "__gm_shape": "line",
        "fillColor": "#8f623f",
        "outlineColor": "#cccccc",
        "level": "a2"
      },
      "id": "feature-69"
    },
    {
      "type": "Feature",
      "geometry": {
        "type": "LineString",
        "coordinates": [
          [
            -113.99696394005149301612,
            46.86669074127806288181
          ],
          [
            -113.99694058416349301612,
            46.86673322647606288181
          ]
        ]
      },
      "properties": {
        "svgPathIndex": 31,
        "elementId": null,
        "category": "parking_marking",
        "fill": "none",
        "stroke": "#CCCCCC",
        "strokeWidth": 0.4,
        "__gm_id": "feature-71",
        "__gm_shape": "line",
        "fillColor": "#8f623f",
        "outlineColor": "#cccccc",
        "level": "a2"
      },
      "id": "feature-71"
    },
    {
      "type": "Feature",
      "geometry": {
        "type": "LineString",
        "coordinates": [
          [
            -113.99602513282449301612,
            46.86633906286706288181
          ],
          [
            -113.99600177693649301612,
            46.86638154834406288181
          ]
        ]
      },
      "properties": {
        "svgPathIndex": 32,
        "elementId": null,
        "category": "parking_marking",
        "fill": "none",
        "stroke": "#CCCCCC",
        "strokeWidth": 0.4,
        "__gm_id": "feature-73",
        "__gm_shape": "line",
        "fillColor": "#8f623f",
        "outlineColor": "#cccccc",
        "level": "a2"
      },
      "id": "feature-73"
    },
    {
      "type": "Feature",
      "geometry": {
        "type": "LineString",
        "coordinates": [
          [
            -113.99605551334849301612,
            46.86634687983506288181
          ],
          [
            -113.99603216174749301612,
            46.86638967361206288181
          ]
        ]
      },
      "properties": {
        "svgPathIndex": 33,
        "elementId": null,
        "category": "parking_marking",
        "fill": "none",
        "stroke": "#CCCCCC",
        "strokeWidth": 0.4,
        "__gm_id": "feature-75",
        "__gm_shape": "line",
        "fillColor": "#8f623f",
        "outlineColor": "#cccccc",
        "level": "a2"
      },
      "id": "feature-75"
    },
    {
      "type": "Feature",
      "geometry": {
        "type": "LineString",
        "coordinates": [
          [
            -113.99608589385649301612,
            46.86635469570506288181
          ],
          [
            -113.99606254225549301612,
            46.86639748947606288181
          ]
        ]
      },
      "properties": {
        "svgPathIndex": 34,
        "elementId": null,
        "category": "parking_marking",
        "fill": "none",
        "stroke": "#CCCCCC",
        "strokeWidth": 0.4,
        "__gm_id": "feature-77",
        "__gm_shape": "line",
        "fillColor": "#8f623f",
        "outlineColor": "#cccccc",
        "level": "a2"
      },
      "id": "feature-77"
    },
    {
      "type": "Feature",
      "geometry": {
        "type": "LineString",
        "coordinates": [
          [
            -113.99611627438049301612,
            46.86636251267006288181
          ],
          [
            -113.99609292380549301612,
            46.86640530642806288181
          ]
        ]
      },
      "properties": {
        "svgPathIndex": 35,
        "elementId": null,
        "category": "parking_marking",
        "fill": "none",
        "stroke": "#CCCCCC",
        "strokeWidth": 0.4,
        "__gm_id": "feature-79",
        "__gm_shape": "line",
        "fillColor": "#8f623f",
        "outlineColor": "#cccccc",
        "level": "a2"
      },
      "id": "feature-79"
    },
    {
      "type": "Feature",
      "geometry": {
        "type": "LineString",
        "coordinates": [
          [
            -113.99614665591449301612,
            46.86637032853006288181
          ],
          [
            -113.99612330431349301612,
            46.86641312228906288181
          ]
        ]
      },
      "properties": {
        "svgPathIndex": 36,
        "elementId": null,
        "category": "parking_marking",
        "fill": "none",
        "stroke": "#CCCCCC",
        "strokeWidth": 0.4,
        "__gm_id": "feature-81",
        "__gm_shape": "line",
        "fillColor": "#8f623f",
        "outlineColor": "#cccccc",
        "level": "a2"
      },
      "id": "feature-81"
    },
    {
      "type": "Feature",
      "geometry": {
        "type": "LineString",
        "coordinates": [
          [
            -113.99617703642249301612,
            46.86637814439606288181
          ],
          [
            -113.99615323338549301612,
            46.86642094244306288181
          ]
        ]
      },
      "properties": {
        "svgPathIndex": 37,
        "elementId": null,
        "category": "parking_marking",
        "fill": "none",
        "stroke": "#CCCCCC",
        "strokeWidth": 0.4,
        "__gm_id": "feature-83",
        "__gm_shape": "line",
        "fillColor": "#8f623f",
        "outlineColor": "#cccccc",
        "level": "a2"
      },
      "id": "feature-83"
    },
    {
      "type": "Feature",
      "geometry": {
        "type": "LineString",
        "coordinates": [
          [
            -113.99620742123349301612,
            46.86638626966506288181
          ],
          [
            -113.99618361389349301612,
            46.86642875830206288181
          ]
        ]
      },
      "properties": {
        "svgPathIndex": 38,
        "elementId": null,
        "category": "parking_marking",
        "fill": "none",
        "stroke": "#CCCCCC",
        "strokeWidth": 0.4,
        "__gm_id": "feature-85",
        "__gm_shape": "line",
        "fillColor": "#8f623f",
        "outlineColor": "#cccccc",
        "level": "a2"
      },
      "id": "feature-85"
    },
    {
      "type": "Feature",
      "geometry": {
        "type": "LineString",
        "coordinates": [
          [
            -113.99623735030549301612,
            46.86639408982306288181
          ],
          [
            -113.99621399441649301612,
            46.86643657525606288181
          ]
        ]
      },
      "properties": {
        "svgPathIndex": 39,
        "elementId": null,
        "category": "parking_marking",
        "fill": "none",
        "stroke": "#CCCCCC",
        "strokeWidth": 0.4,
        "__gm_id": "feature-87",
        "__gm_shape": "line",
        "fillColor": "#8f623f",
        "outlineColor": "#cccccc",
        "level": "a2"
      },
      "id": "feature-87"
    },
    {
      "type": "Feature",
      "geometry": {
        "type": "LineString",
        "coordinates": [
          [
            -113.99626773081349301612,
            46.86640190568506288181
          ],
          [
            -113.99624437595149301612,
            46.86644439110606288181
          ]
        ]
      },
      "properties": {
        "svgPathIndex": 40,
        "elementId": null,
        "category": "parking_marking",
        "fill": "none",
        "stroke": "#CCCCCC",
        "strokeWidth": 0.4,
        "__gm_id": "feature-89",
        "__gm_shape": "line",
        "fillColor": "#8f623f",
        "outlineColor": "#cccccc",
        "level": "a2"
      },
      "id": "feature-89"
    },
    {
      "type": "Feature",
      "geometry": {
        "type": "LineString",
        "coordinates": [
          [
            -113.99629811236349301612,
            46.86640972263706288181
          ],
          [
            -113.99627475645949301612,
            46.86645220696106288181
          ]
        ]
      },
      "properties": {
        "svgPathIndex": 41,
        "elementId": null,
        "category": "parking_marking",
        "fill": "none",
        "stroke": "#CCCCCC",
        "strokeWidth": 0.4,
        "__gm_id": "feature-91",
        "__gm_shape": "line",
        "fillColor": "#8f623f",
        "outlineColor": "#cccccc",
        "level": "a2"
      },
      "id": "feature-91"
    },
    {
      "type": "Feature",
      "geometry": {
        "type": "LineString",
        "coordinates": [
          [
            -113.99632849287149301612,
            46.86641753849706288181
          ],
          [
            -113.99630513698249301612,
            46.86646002391206288181
          ]
        ]
      },
      "properties": {
        "svgPathIndex": 42,
        "elementId": null,
        "category": "parking_marking",
        "fill": "none",
        "stroke": "#CCCCCC",
        "strokeWidth": 0.4,
        "__gm_id": "feature-93",
        "__gm_shape": "line",
        "fillColor": "#8f623f",
        "outlineColor": "#cccccc",
        "level": "a2"
      },
      "id": "feature-93"
    },
    {
      "type": "Feature",
      "geometry": {
        "type": "LineString",
        "coordinates": [
          [
            -113.99635887339449301612,
            46.86642535545406288181
          ],
          [
            -113.99633551749049301612,
            46.86646783976506288181
          ]
        ]
      },
      "properties": {
        "svgPathIndex": 43,
        "elementId": null,
        "category": "parking_marking",
        "fill": "none",
        "stroke": "#CCCCCC",
        "strokeWidth": 0.4,
        "__gm_id": "feature-95",
        "__gm_shape": "line",
        "fillColor": "#8f623f",
        "outlineColor": "#cccccc",
        "level": "a2"
      },
      "id": "feature-95"
    },
    {
      "type": "Feature",
      "geometry": {
        "type": "LineString",
        "coordinates": [
          [
            -113.99651077801849301612,
            46.86646443691206288181
          ],
          [
            -113.99648697393949301612,
            46.86650723380106288181
          ]
        ]
      },
      "properties": {
        "svgPathIndex": 44,
        "elementId": null,
        "category": "parking_marking",
        "fill": "none",
        "stroke": "#CCCCCC",
        "strokeWidth": 0.4,
        "__gm_id": "feature-97",
        "__gm_shape": "line",
        "fillColor": "#8f623f",
        "outlineColor": "#cccccc",
        "level": "a2"
      },
      "id": "feature-97"
    },
    {
      "type": "Feature",
      "geometry": {
        "type": "LineString",
        "coordinates": [
          [
            -113.99654070707449301612,
            46.86647225596206288181
          ],
          [
            -113.99651735547449301612,
            46.86651504963906288181
          ]
        ]
      },
      "properties": {
        "svgPathIndex": 45,
        "elementId": null,
        "category": "parking_marking",
        "fill": "none",
        "stroke": "#CCCCCC",
        "strokeWidth": 0.4,
        "__gm_id": "feature-99",
        "__gm_shape": "line",
        "fillColor": "#8f623f",
        "outlineColor": "#cccccc",
        "level": "a2"
      },
      "id": "feature-99"
    },
    {
      "type": "Feature",
      "geometry": {
        "type": "LineString",
        "coordinates": [
          [
            -113.99660147240949301612,
            46.86648819816306288181
          ],
          [
            -113.99657811650549301612,
            46.86653068242506288181
          ]
        ]
      },
      "properties": {
        "svgPathIndex": 46,
        "elementId": null,
        "category": "parking_marking",
        "fill": "none",
        "stroke": "#CCCCCC",
        "strokeWidth": 0.4,
        "__gm_id": "feature-101",
        "__gm_shape": "line",
        "fillColor": "#8f623f",
        "outlineColor": "#cccccc",
        "level": "a2"
      },
      "id": "feature-101"
    },
    {
      "type": "Feature",
      "geometry": {
        "type": "LineString",
        "coordinates": [
          [
            -113.99663185291749301612,
            46.86649601401206288181
          ],
          [
            -113.99660849805549301612,
            46.86653849935806288181
          ]
        ]
      },
      "properties": {
        "svgPathIndex": 47,
        "elementId": null,
        "category": "parking_marking",
        "fill": "none",
        "stroke": "#CCCCCC",
        "strokeWidth": 0.4,
        "__gm_id": "feature-103",
        "__gm_shape": "line",
        "fillColor": "#8f623f",
        "outlineColor": "#cccccc",
        "level": "a2"
      },
      "id": "feature-103"
    },
    {
      "type": "Feature",
      "geometry": {
        "type": "LineString",
        "coordinates": [
          [
            -113.99666223445249301612,
            46.86650382985306288181
          ],
          [
            -113.99663887856349301612,
            46.86654631520006288181
          ]
        ]
      },
      "properties": {
        "svgPathIndex": 48,
        "elementId": null,
        "category": "parking_marking",
        "fill": "none",
        "stroke": "#CCCCCC",
        "strokeWidth": 0.4,
        "__gm_id": "feature-105",
        "__gm_shape": "line",
        "fillColor": "#8f623f",
        "outlineColor": "#cccccc",
        "level": "a2"
      },
      "id": "feature-105"
    },
    {
      "type": "Feature",
      "geometry": {
        "type": "LineString",
        "coordinates": [
          [
            -113.99669261497549301612,
            46.86651164679706288181
          ],
          [
            -113.99666925908749301612,
            46.86655413213706288181
          ]
        ]
      },
      "properties": {
        "svgPathIndex": 49,
        "elementId": null,
        "category": "parking_marking",
        "fill": "none",
        "stroke": "#CCCCCC",
        "strokeWidth": 0.4,
        "__gm_id": "feature-107",
        "__gm_shape": "line",
        "fillColor": "#8f623f",
        "outlineColor": "#cccccc",
        "level": "a2"
      },
      "id": "feature-107"
    },
    {
      "type": "Feature",
      "geometry": {
        "type": "LineString",
        "coordinates": [
          [
            -113.99687625876649301612,
            46.86655884384306288181
          ],
          [
            -113.99685290819149301612,
            46.86660163744506288181
          ]
        ]
      },
      "properties": {
        "svgPathIndex": 50,
        "elementId": null,
        "category": "parking_marking",
        "fill": "none",
        "stroke": "#CCCCCC",
        "strokeWidth": 0.4,
        "__gm_id": "feature-109",
        "__gm_shape": "line",
        "fillColor": "#8f623f",
        "outlineColor": "#cccccc",
        "level": "a2"
      },
      "id": "feature-109"
    },
    {
      "type": "Feature",
      "geometry": {
        "type": "LineString",
        "coordinates": [
          [
            -113.99690664460349301612,
            46.86656696907706288181
          ],
          [
            -113.99688328869949301612,
            46.86660945327706288181
          ]
        ]
      },
      "properties": {
        "svgPathIndex": 51,
        "elementId": null,
        "category": "parking_marking",
        "fill": "none",
        "stroke": "#CCCCCC",
        "strokeWidth": 0.4,
        "__gm_id": "feature-111",
        "__gm_shape": "line",
        "fillColor": "#8f623f",
        "outlineColor": "#cccccc",
        "level": "a2"
      },
      "id": "feature-111"
    },
    {
      "type": "Feature",
      "geometry": {
        "type": "LineString",
        "coordinates": [
          [
            -113.99693702511249301612,
            46.86657478491506288181
          ],
          [
            -113.99691366922349301612,
            46.86661727020506288181
          ]
        ]
      },
      "properties": {
        "svgPathIndex": 52,
        "elementId": null,
        "category": "parking_marking",
        "fill": "none",
        "stroke": "#CCCCCC",
        "strokeWidth": 0.4,
        "__gm_id": "feature-113",
        "__gm_shape": "line",
        "fillColor": "#8f623f",
        "outlineColor": "#cccccc",
        "level": "a2"
      },
      "id": "feature-113"
    },
    {
      "type": "Feature",
      "geometry": {
        "type": "LineString",
        "coordinates": [
          [
            -113.99591873044849301612,
            46.86642044046406288181
          ],
          [
            -113.99589537884749301612,
            46.86646323418306288181
          ]
        ]
      },
      "properties": {
        "svgPathIndex": 53,
        "elementId": null,
        "category": "parking_marking",
        "fill": "none",
        "stroke": "#CCCCCC",
        "strokeWidth": 0.4,
        "__gm_id": "feature-115",
        "__gm_shape": "line",
        "fillColor": "#8f623f",
        "outlineColor": "#cccccc",
        "level": "a2"
      },
      "id": "feature-115"
    },
    {
      "type": "Feature",
      "geometry": {
        "type": "LineString",
        "coordinates": [
          [
            -113.99594911097149301612,
            46.86642825742006288181
          ],
          [
            -113.99592530791849301612,
            46.86647105433006288181
          ]
        ]
      },
      "properties": {
        "svgPathIndex": 54,
        "elementId": null,
        "category": "parking_marking",
        "fill": "none",
        "stroke": "#CCCCCC",
        "strokeWidth": 0.4,
        "__gm_id": "feature-117",
        "__gm_shape": "line",
        "fillColor": "#8f623f",
        "outlineColor": "#cccccc",
        "level": "a2"
      },
      "id": "feature-117"
    },
    {
      "type": "Feature",
      "geometry": {
        "type": "LineString",
        "coordinates": [
          [
            -113.99596928950349301612,
            46.86648217214006288181
          ],
          [
            -113.99595568842649301612,
            46.86647887018206288181
          ],
          [
            -113.99597949680849301612,
            46.86643638267406288181
          ],
          [
            -113.99599309684349301612,
            46.86643968354606288181
          ],
          [
            -113.99596928950349301612,
            46.86648217214006288181
          ]
        ]
      },
      "properties": {
        "svgPathIndex": 55,
        "elementId": null,
        "category": "parking_marking",
        "fill": "none",
        "stroke": "#CCCCCC",
        "strokeWidth": 0.4,
        "__gm_id": "feature-119",
        "__gm_shape": "line",
        "fillColor": "#8f623f",
        "outlineColor": "#cccccc",
        "level": "a2"
      },
      "id": "feature-119"
    },
    {
      "type": "Feature",
      "geometry": {
        "type": "LineString",
        "coordinates": [
          [
            -113.99599264539149301612,
            46.86643968674306288181
          ],
          [
            -113.99597640658149301612,
            46.86644165505806288181
          ]
        ]
      },
      "properties": {
        "svgPathIndex": 56,
        "elementId": null,
        "category": "parking_marking",
        "fill": "none",
        "stroke": "#CCCCCC",
        "strokeWidth": 0.2001,
        "__gm_id": "feature-121",
        "__gm_shape": "line",
        "fillColor": "#8f623f",
        "outlineColor": "#cccccc",
        "level": "a2"
      },
      "id": "feature-121"
    },
    {
      "type": "Feature",
      "geometry": {
        "type": "LineString",
        "coordinates": [
          [
            -113.99598956909949301612,
            46.86644588732906288181
          ],
          [
            -113.99597287453349301612,
            46.86644754943806288181
          ]
        ]
      },
      "properties": {
        "svgPathIndex": 57,
        "elementId": null,
        "category": "parking_marking",
        "fill": "none",
        "stroke": "#CCCCCC",
        "strokeWidth": 0.4,
        "__gm_id": "feature-123",
        "__gm_shape": "line",
        "fillColor": "#8f623f",
        "outlineColor": "#cccccc",
        "level": "a2"
      },
      "id": "feature-123"
    },
    {
      "type": "Feature",
      "geometry": {
        "type": "LineString",
        "coordinates": [
          [
            -113.99598603601049301612,
            46.86645178061806288181
          ],
          [
            -113.99596979822549301612,
            46.86645374892606288181
          ]
        ]
      },
      "properties": {
        "svgPathIndex": 58,
        "elementId": null,
        "category": "parking_marking",
        "fill": "none",
        "stroke": "#CCCCCC",
        "strokeWidth": 0.4,
        "__gm_id": "feature-125",
        "__gm_shape": "line",
        "fillColor": "#8f623f",
        "outlineColor": "#cccccc",
        "level": "a2"
      },
      "id": "feature-125"
    },
    {
      "type": "Feature",
      "geometry": {
        "type": "LineString",
        "coordinates": [
          [
            -113.99598295541449301612,
            46.86645767180006288181
          ],
          [
            -113.99596626515249301612,
            46.86645964331206288181
          ]
        ]
      },
      "properties": {
        "svgPathIndex": 59,
        "elementId": null,
        "category": "parking_marking",
        "fill": "none",
        "stroke": "#CCCCCC",
        "strokeWidth": 0.4,
        "__gm_id": "feature-127",
        "__gm_shape": "line",
        "fillColor": "#8f623f",
        "outlineColor": "#cccccc",
        "level": "a2"
      },
      "id": "feature-127"
    },
    {
      "type": "Feature",
      "geometry": {
        "type": "LineString",
        "coordinates": [
          [
            -113.99597942662849301612,
            46.86646387449106288181
          ],
          [
            -113.99596318455649301612,
            46.86646553449206288181
          ]
        ]
      },
      "properties": {
        "svgPathIndex": 60,
        "elementId": null,
        "category": "parking_marking",
        "fill": "none",
        "stroke": "#CCCCCC",
        "strokeWidth": 0.4,
        "__gm_id": "feature-129",
        "__gm_shape": "line",
        "fillColor": "#8f623f",
        "outlineColor": "#cccccc",
        "level": "a2"
      },
      "id": "feature-129"
    },
    {
      "type": "Feature",
      "geometry": {
        "type": "LineString",
        "coordinates": [
          [
            -113.99597634603349301612,
            46.86646976567106288181
          ],
          [
            -113.99595965577049301612,
            46.86647173718306288181
          ]
        ]
      },
      "properties": {
        "svgPathIndex": 61,
        "elementId": null,
        "category": "parking_marking",
        "fill": "none",
        "stroke": "#CCCCCC",
        "strokeWidth": 0.4,
        "__gm_id": "feature-131",
        "__gm_shape": "line",
        "fillColor": "#8f623f",
        "outlineColor": "#cccccc",
        "level": "a2"
      },
      "id": "feature-131"
    },
    {
      "type": "Feature",
      "geometry": {
        "type": "LineString",
        "coordinates": [
          [
            -113.99597281295949301612,
            46.86647566005506288181
          ],
          [
            -113.99595657517549301612,
            46.86647762836206288181
          ]
        ]
      },
      "properties": {
        "svgPathIndex": 62,
        "elementId": null,
        "category": "parking_marking",
        "fill": "none",
        "stroke": "#CCCCCC",
        "strokeWidth": 0.4,
        "__gm_id": "feature-133",
        "__gm_shape": "line",
        "fillColor": "#8f623f",
        "outlineColor": "#cccccc",
        "level": "a2"
      },
      "id": "feature-133"
    },
    {
      "type": "Feature",
      "geometry": {
        "type": "LineString",
        "coordinates": [
          [
            -113.99712411606849301612,
            46.86660991046406288181
          ],
          [
            -113.99706198677649301612,
            46.86659336128706288181
          ]
        ]
      },
      "properties": {
        "svgPathIndex": 63,
        "elementId": null,
        "category": "parking_marking",
        "fill": "none",
        "stroke": "#CCCCCC",
        "strokeWidth": 0.4,
        "__gm_id": "feature-135",
        "__gm_shape": "line",
        "fillColor": "#8f623f",
        "outlineColor": "#cccccc",
        "level": "a2"
      },
      "id": "feature-135"
    },
    {
      "type": "Feature",
      "geometry": {
        "type": "LineString",
        "coordinates": [
          [
            -113.99713557421349301612,
            46.86658913242906288181
          ],
          [
            -113.99707389637249301612,
            46.86657258004806288181
          ]
        ]
      },
      "properties": {
        "svgPathIndex": 64,
        "elementId": null,
        "category": "parking_marking",
        "fill": "none",
        "stroke": "#CCCCCC",
        "strokeWidth": 0.4,
        "__gm_id": "feature-137",
        "__gm_shape": "line",
        "fillColor": "#8f623f",
        "outlineColor": "#cccccc",
        "level": "a2"
      },
      "id": "feature-137"
    },
    {
      "type": "Feature",
      "geometry": {
        "type": "LineString",
        "coordinates": [
          [
            -113.99714748915349301612,
            46.86656866168106288181
          ],
          [
            -113.99708581129849301612,
            46.86655210819606288181
          ]
        ]
      },
      "properties": {
        "svgPathIndex": 65,
        "elementId": null,
        "category": "parking_marking",
        "fill": "none",
        "stroke": "#CCCCCC",
        "strokeWidth": 0.4,
        "__gm_id": "feature-139",
        "__gm_shape": "line",
        "fillColor": "#8f623f",
        "outlineColor": "#cccccc",
        "level": "a2"
      },
      "id": "feature-139"
    },
    {
      "type": "Feature",
      "geometry": {
        "type": "LineString",
        "coordinates": [
          [
            -113.99715939875049301612,
            46.86654788043206288181
          ],
          [
            -113.99709772089449301612,
            46.86653132694206288181
          ]
        ]
      },
      "properties": {
        "svgPathIndex": 66,
        "elementId": null,
        "category": "parking_marking",
        "fill": "none",
        "stroke": "#CCCCCC",
        "strokeWidth": 0.4,
        "__gm_id": "feature-141",
        "__gm_shape": "line",
        "fillColor": "#8f623f",
        "outlineColor": "#cccccc",
        "level": "a2"
      },
      "id": "feature-141"
    },
    {
      "type": "Feature",
      "geometry": {
        "type": "LineString",
        "coordinates": [
          [
            -113.99693261573149301612,
            46.86651766976306288181
          ],
          [
            -113.99690926086849301612,
            46.86656015509206288181
          ]
        ]
      },
      "properties": {
        "svgPathIndex": 67,
        "elementId": null,
        "category": "parking_marking",
        "fill": "none",
        "stroke": "#CCCCCC",
        "strokeWidth": 0.4,
        "__gm_id": "feature-143",
        "__gm_shape": "line",
        "fillColor": "#8f623f",
        "outlineColor": "#cccccc",
        "level": "a2"
      },
      "id": "feature-143"
    },
    {
      "type": "Feature",
      "geometry": {
        "type": "LineString",
        "coordinates": [
          [
            -113.99696299726549301612,
            46.86652548560006288181
          ],
          [
            -113.99693964137749301612,
            46.86656797093006288181
          ]
        ]
      },
      "properties": {
        "svgPathIndex": 68,
        "elementId": null,
        "category": "parking_marking",
        "fill": "none",
        "stroke": "#CCCCCC",
        "strokeWidth": 0.4,
        "__gm_id": "feature-145",
        "__gm_shape": "line",
        "fillColor": "#8f623f",
        "outlineColor": "#cccccc",
        "level": "a2"
      },
      "id": "feature-145"
    },
    {
      "type": "Feature",
      "geometry": {
        "type": "LineString",
        "coordinates": [
          [
            -113.99614406194349301612,
            46.86631381697806288181
          ],
          [
            -113.99612070708049301612,
            46.86635630246806288181
          ]
        ]
      },
      "properties": {
        "svgPathIndex": 69,
        "elementId": null,
        "category": "parking_marking",
        "fill": "none",
        "stroke": "#CCCCCC",
        "strokeWidth": 0.4,
        "__gm_id": "feature-147",
        "__gm_shape": "line",
        "fillColor": "#8f623f",
        "outlineColor": "#cccccc",
        "level": "a2"
      },
      "id": "feature-147"
    },
    {
      "type": "Feature",
      "geometry": {
        "type": "LineString",
        "coordinates": [
          [
            -113.99617444349249301612,
            46.86632163394306288181
          ],
          [
            -113.99615063615249301612,
            46.86636412263106288181
          ]
        ]
      },
      "properties": {
        "svgPathIndex": 70,
        "elementId": null,
        "category": "parking_marking",
        "fill": "none",
        "stroke": "#CCCCCC",
        "strokeWidth": 0.4,
        "__gm_id": "feature-149",
        "__gm_shape": "line",
        "fillColor": "#8f623f",
        "outlineColor": "#cccccc",
        "level": "a2"
      },
      "id": "feature-149"
    },
    {
      "type": "Feature",
      "geometry": {
        "type": "LineString",
        "coordinates": [
          [
            -113.99620437254849301612,
            46.86632945301306288181
          ],
          [
            -113.99618101666049301612,
            46.86637193849806288181
          ]
        ]
      },
      "properties": {
        "svgPathIndex": 71,
        "elementId": null,
        "category": "parking_marking",
        "fill": "none",
        "stroke": "#CCCCCC",
        "strokeWidth": 0.4,
        "__gm_id": "feature-151",
        "__gm_shape": "line",
        "fillColor": "#8f623f",
        "outlineColor": "#cccccc",
        "level": "a2"
      },
      "id": "feature-151"
    },
    {
      "type": "Feature",
      "geometry": {
        "type": "LineString",
        "coordinates": [
          [
            -113.99623475307249301612,
            46.86633726998206288181
          ],
          [
            -113.99621139718349301612,
            46.86637975546106288181
          ]
        ]
      },
      "properties": {
        "svgPathIndex": 72,
        "elementId": null,
        "category": "parking_marking",
        "fill": "none",
        "stroke": "#CCCCCC",
        "strokeWidth": 0.4,
        "__gm_id": "feature-153",
        "__gm_shape": "line",
        "fillColor": "#8f623f",
        "outlineColor": "#cccccc",
        "level": "a2"
      },
      "id": "feature-153"
    },
    {
      "type": "Feature",
      "geometry": {
        "type": "LineString",
        "coordinates": [
          [
            -113.99626513358049301612,
            46.86634508585306288181
          ],
          [
            -113.99624177769249301612,
            46.86638757132506288181
          ]
        ]
      },
      "properties": {
        "svgPathIndex": 73,
        "elementId": null,
        "category": "parking_marking",
        "fill": "none",
        "stroke": "#CCCCCC",
        "strokeWidth": 0.4,
        "__gm_id": "feature-155",
        "__gm_shape": "line",
        "fillColor": "#8f623f",
        "outlineColor": "#cccccc",
        "level": "a2"
      },
      "id": "feature-155"
    },
    {
      "type": "Feature",
      "geometry": {
        "type": "LineString",
        "coordinates": [
          [
            -113.99629551410449301612,
            46.86635290282006288181
          ],
          [
            -113.99627216352949301612,
            46.86639569658506288181
          ]
        ]
      },
      "properties": {
        "svgPathIndex": 74,
        "elementId": null,
        "category": "parking_marking",
        "fill": "none",
        "stroke": "#CCCCCC",
        "strokeWidth": 0.4,
        "__gm_id": "feature-157",
        "__gm_shape": "line",
        "fillColor": "#8f623f",
        "outlineColor": "#cccccc",
        "level": "a2"
      },
      "id": "feature-157"
    },
    {
      "type": "Feature",
      "geometry": {
        "type": "LineString",
        "coordinates": [
          [
            -113.99632589563849301612,
            46.86636071868106288181
          ],
          [
            -113.99630254403749301612,
            46.86640351244806288181
          ]
        ]
      },
      "properties": {
        "svgPathIndex": 75,
        "elementId": null,
        "category": "parking_marking",
        "fill": "none",
        "stroke": "#CCCCCC",
        "strokeWidth": 0.4,
        "__gm_id": "feature-159",
        "__gm_shape": "line",
        "fillColor": "#8f623f",
        "outlineColor": "#cccccc",
        "level": "a2"
      },
      "id": "feature-159"
    },
    {
      "type": "Feature",
      "geometry": {
        "type": "LineString",
        "coordinates": [
          [
            -113.99635627616149301612,
            46.86636853564606288181
          ],
          [
            -113.99633292456149301612,
            46.86641132940606288181
          ]
        ]
      },
      "properties": {
        "svgPathIndex": 76,
        "elementId": null,
        "category": "parking_marking",
        "fill": "none",
        "stroke": "#CCCCCC",
        "strokeWidth": 0.4,
        "__gm_id": "feature-161",
        "__gm_shape": "line",
        "fillColor": "#8f623f",
        "outlineColor": "#cccccc",
        "level": "a2"
      },
      "id": "feature-161"
    },
    {
      "type": "Feature",
      "geometry": {
        "type": "LineString",
        "coordinates": [
          [
            -113.99638665667049301612,
            46.86637635151206288181
          ],
          [
            -113.99636330506949301612,
            46.86641914526606288181
          ]
        ]
      },
      "properties": {
        "svgPathIndex": 77,
        "elementId": null,
        "category": "parking_marking",
        "fill": "none",
        "stroke": "#CCCCCC",
        "strokeWidth": 0.4,
        "__gm_id": "feature-163",
        "__gm_shape": "line",
        "fillColor": "#8f623f",
        "outlineColor": "#cccccc",
        "level": "a2"
      },
      "id": "feature-163"
    },
    {
      "type": "Feature",
      "geometry": {
        "type": "LineString",
        "coordinates": [
          [
            -113.99602253886849301612,
            46.86628255238006288181
          ],
          [
            -113.99599918298049301612,
            46.86632503790206288181
          ]
        ]
      },
      "properties": {
        "svgPathIndex": 78,
        "elementId": null,
        "category": "parking_marking",
        "fill": "none",
        "stroke": "#CCCCCC",
        "strokeWidth": 0.4,
        "__gm_id": "feature-165",
        "__gm_shape": "line",
        "fillColor": "#8f623f",
        "outlineColor": "#cccccc",
        "level": "a2"
      },
      "id": "feature-165"
    },
    {
      "type": "Feature",
      "geometry": {
        "type": "LineString",
        "coordinates": [
          [
            -113.99605292040349301612,
            46.86629036825106288181
          ],
          [
            -113.99602956451449301612,
            46.86633285376706288181
          ]
        ]
      },
      "properties": {
        "svgPathIndex": 79,
        "elementId": null,
        "category": "parking_marking",
        "fill": "none",
        "stroke": "#CCCCCC",
        "strokeWidth": 0.4,
        "__gm_id": "feature-167",
        "__gm_shape": "line",
        "fillColor": "#8f623f",
        "outlineColor": "#cccccc",
        "level": "a2"
      },
      "id": "feature-167"
    },
    {
      "type": "Feature",
      "geometry": {
        "type": "LineString",
        "coordinates": [
          [
            -113.99608330092649301612,
            46.86629818522606288181
          ],
          [
            -113.99605994502249301612,
            46.86634066963906288181
          ]
        ]
      },
      "properties": {
        "svgPathIndex": 80,
        "elementId": null,
        "category": "parking_marking",
        "fill": "none",
        "stroke": "#CCCCCC",
        "strokeWidth": 0.4,
        "__gm_id": "feature-169",
        "__gm_shape": "line",
        "fillColor": "#8f623f",
        "outlineColor": "#cccccc",
        "level": "a2"
      },
      "id": "feature-169"
    },
    {
      "type": "Feature",
      "geometry": {
        "type": "LineString",
        "coordinates": [
          [
            -113.99611368143449301612,
            46.86630600110306288181
          ],
          [
            -113.99609032554649301612,
            46.86634848660606288181
          ]
        ]
      },
      "properties": {
        "svgPathIndex": 81,
        "elementId": null,
        "category": "parking_marking",
        "fill": "none",
        "stroke": "#CCCCCC",
        "strokeWidth": 0.4,
        "__gm_id": "feature-171",
        "__gm_shape": "line",
        "fillColor": "#8f623f",
        "outlineColor": "#cccccc",
        "level": "a2"
      },
      "id": "feature-171"
    },
    {
      "type": "Feature",
      "geometry": {
        "type": "LineString",
        "coordinates": [
          [
            -113.99637833761349301612,
            46.86626551328806288181
          ],
          [
            -113.99635498275049301612,
            46.86630799881706288181
          ]
        ]
      },
      "properties": {
        "svgPathIndex": 82,
        "elementId": null,
        "category": "parking_marking",
        "fill": "none",
        "stroke": "#CCCCCC",
        "strokeWidth": 0.4,
        "__gm_id": "feature-173",
        "__gm_shape": "line",
        "fillColor": "#8f623f",
        "outlineColor": "#cccccc",
        "level": "a2"
      },
      "id": "feature-173"
    },
    {
      "type": "Feature",
      "geometry": {
        "type": "LineString",
        "coordinates": [
          [
            -113.99640871916249301612,
            46.86627333026006288181
          ],
          [
            -113.99638536327449301612,
            46.86631581578906288181
          ]
        ]
      },
      "properties": {
        "svgPathIndex": 83,
        "elementId": null,
        "category": "parking_marking",
        "fill": "none",
        "stroke": "#CCCCCC",
        "strokeWidth": 0.4,
        "__gm_id": "feature-175",
        "__gm_shape": "line",
        "fillColor": "#8f623f",
        "outlineColor": "#cccccc",
        "level": "a2"
      },
      "id": "feature-175"
    },
    {
      "type": "Feature",
      "geometry": {
        "type": "LineString",
        "coordinates": [
          [
            -113.99643909967149301612,
            46.86628114614006288181
          ],
          [
            -113.99641574378249301612,
            46.86632363166306288181
          ]
        ]
      },
      "properties": {
        "svgPathIndex": 84,
        "elementId": null,
        "category": "parking_marking",
        "fill": "none",
        "stroke": "#CCCCCC",
        "strokeWidth": 0.4,
        "__gm_id": "feature-177",
        "__gm_shape": "line",
        "fillColor": "#8f623f",
        "outlineColor": "#cccccc",
        "level": "a2"
      },
      "id": "feature-177"
    },
    {
      "type": "Feature",
      "geometry": {
        "type": "LineString",
        "coordinates": [
          [
            -113.99670854797049301612,
            46.86629282996506288181
          ],
          [
            -113.99668474063049301612,
            46.86633531867606288181
          ]
        ]
      },
      "properties": {
        "svgPathIndex": 85,
        "elementId": null,
        "category": "parking_marking",
        "fill": "none",
        "stroke": "#CCCCCC",
        "strokeWidth": 0.4,
        "__gm_id": "feature-179",
        "__gm_shape": "line",
        "fillColor": "#8f623f",
        "outlineColor": "#cccccc",
        "level": "a2"
      },
      "id": "feature-179"
    },
    {
      "type": "Feature",
      "geometry": {
        "type": "LineString",
        "coordinates": [
          [
            -113.99673847704249301612,
            46.86630065013606288181
          ],
          [
            -113.99671512113849301612,
            46.86634313454706288181
          ]
        ]
      },
      "properties": {
        "svgPathIndex": 86,
        "elementId": null,
        "category": "parking_marking",
        "fill": "none",
        "stroke": "#CCCCCC",
        "strokeWidth": 0.4,
        "__gm_id": "feature-181",
        "__gm_shape": "line",
        "fillColor": "#8f623f",
        "outlineColor": "#cccccc",
        "level": "a2"
      },
      "id": "feature-181"
    },
    {
      "type": "Feature",
      "geometry": {
        "type": "LineString",
        "coordinates": [
          [
            -113.99676885755049301612,
            46.86630846601306288181
          ],
          [
            -113.99674550268849301612,
            46.86635095150706288181
          ]
        ]
      },
      "properties": {
        "svgPathIndex": 87,
        "elementId": null,
        "category": "parking_marking",
        "fill": "none",
        "stroke": "#CCCCCC",
        "strokeWidth": 0.4,
        "__gm_id": "feature-183",
        "__gm_shape": "line",
        "fillColor": "#8f623f",
        "outlineColor": "#cccccc",
        "level": "a2"
      },
      "id": "feature-183"
    },
    {
      "type": "Feature",
      "geometry": {
        "type": "LineString",
        "coordinates": [
          [
            -113.99679923908449301612,
            46.86631628188006288181
          ],
          [
            -113.99677588319649301612,
            46.86635876737606288181
          ]
        ]
      },
      "properties": {
        "svgPathIndex": 88,
        "elementId": null,
        "category": "parking_marking",
        "fill": "none",
        "stroke": "#CCCCCC",
        "strokeWidth": 0.4,
        "__gm_id": "feature-185",
        "__gm_shape": "line",
        "fillColor": "#8f623f",
        "outlineColor": "#cccccc",
        "level": "a2"
      },
      "id": "feature-185"
    },
    {
      "type": "Feature",
      "geometry": {
        "type": "LineString",
        "coordinates": [
          [
            -113.99682961960849301612,
            46.86632409885206288181
          ],
          [
            -113.99680626371949301612,
            46.86636658434106288181
          ]
        ]
      },
      "properties": {
        "svgPathIndex": 89,
        "elementId": null,
        "category": "surface",
        "fill": "none",
        "stroke": "white",
        "strokeWidth": 0.2001,
        "__gm_id": "feature-187",
        "__gm_shape": "line",
        "fillColor": "#8f623f",
        "outlineColor": "#cccccc",
        "level": "a2"
      },
      "id": "feature-187"
    },
    {
      "type": "Feature",
      "geometry": {
        "type": "LineString",
        "coordinates": [
          [
            -113.99661740110149301612,
            46.86626907183106288181
          ],
          [
            -113.99659405054249301612,
            46.86631186676106288181
          ]
        ]
      },
      "properties": {
        "svgPathIndex": 90,
        "elementId": null,
        "category": "parking_marking",
        "fill": "none",
        "stroke": "#CCCCCC",
        "strokeWidth": 0.4,
        "__gm_id": "feature-189",
        "__gm_shape": "line",
        "fillColor": "#8f623f",
        "outlineColor": "#cccccc",
        "level": "a2"
      },
      "id": "feature-189"
    },
    {
      "type": "Feature",
      "geometry": {
        "type": "LineString",
        "coordinates": [
          [
            -113.99664778265149301612,
            46.86627688880206288181
          ],
          [
            -113.99662443105049301612,
            46.86631968263506288181
          ]
        ]
      },
      "properties": {
        "svgPathIndex": 91,
        "elementId": null,
        "category": "parking_marking",
        "fill": "none",
        "stroke": "#CCCCCC",
        "strokeWidth": 0.4,
        "__gm_id": "feature-191",
        "__gm_shape": "line",
        "fillColor": "#8f623f",
        "outlineColor": "#cccccc",
        "level": "a2"
      },
      "id": "feature-191"
    },
    {
      "type": "Feature",
      "geometry": {
        "type": "LineString",
        "coordinates": [
          [
            -113.99667816315949301612,
            46.86628470468206288181
          ],
          [
            -113.99665436010649301612,
            46.86632750170606288181
          ]
        ]
      },
      "properties": {
        "svgPathIndex": 92,
        "elementId": null,
        "category": "parking_marking",
        "fill": "none",
        "stroke": "#CCCCCC",
        "strokeWidth": 0.4,
        "__gm_id": "feature-193",
        "__gm_shape": "line",
        "fillColor": "#8f623f",
        "outlineColor": "#cccccc",
        "level": "a2"
      },
      "id": "feature-193"
    },
    {
      "type": "Feature",
      "geometry": {
        "type": "LineString",
        "coordinates": [
          [
            -113.99695114269749301612,
            46.86635536452306288181
          ],
          [
            -113.99692778679449301612,
            46.86639784889006288181
          ]
        ]
      },
      "properties": {
        "svgPathIndex": 93,
        "elementId": null,
        "category": "parking_marking",
        "fill": "none",
        "stroke": "#CCCCCC",
        "strokeWidth": 0.4,
        "__gm_id": "feature-195",
        "__gm_shape": "line",
        "fillColor": "#8f623f",
        "outlineColor": "#cccccc",
        "level": "a2"
      },
      "id": "feature-195"
    },
    {
      "type": "Feature",
      "geometry": {
        "type": "LineString",
        "coordinates": [
          [
            -113.99698152320649301612,
            46.86636318039106288181
          ],
          [
            -113.99695817160549301612,
            46.86640597415606288181
          ]
        ]
      },
      "properties": {
        "svgPathIndex": 94,
        "elementId": null,
        "category": "parking_marking",
        "fill": "none",
        "stroke": "#CCCCCC",
        "strokeWidth": 0.4,
        "__gm_id": "feature-197",
        "__gm_shape": "line",
        "fillColor": "#8f623f",
        "outlineColor": "#cccccc",
        "level": "a2"
      },
      "id": "feature-197"
    },
    {
      "type": "Feature",
      "geometry": {
        "type": "LineString",
        "coordinates": [
          [
            -113.99682961960849301612,
            46.86632409885206288181
          ],
          [
            -113.99680626371949301612,
            46.86636658434106288181
          ]
        ]
      },
      "properties": {
        "svgPathIndex": 95,
        "elementId": null,
        "category": "parking_marking",
        "fill": "none",
        "stroke": "#CCCCCC",
        "strokeWidth": 0.4,
        "__gm_id": "feature-199",
        "__gm_shape": "line",
        "fillColor": "#8f623f",
        "outlineColor": "#cccccc",
        "level": "a2"
      },
      "id": "feature-199"
    },
    {
      "type": "Feature",
      "geometry": {
        "type": "LineString",
        "coordinates": [
          [
            -113.99686000011649301612,
            46.86633191472406288181
          ],
          [
            -113.99683664422849301612,
            46.86637440020706288181
          ]
        ]
      },
      "properties": {
        "svgPathIndex": 96,
        "elementId": null,
        "category": "parking_marking",
        "fill": "none",
        "stroke": "#CCCCCC",
        "strokeWidth": 0.4,
        "__gm_id": "feature-201",
        "__gm_shape": "line",
        "fillColor": "#8f623f",
        "outlineColor": "#cccccc",
        "level": "a2"
      },
      "id": "feature-201"
    },
    {
      "type": "Feature",
      "geometry": {
        "type": "LineString",
        "coordinates": [
          [
            -113.99689038166649301612,
            46.86633973168606288181
          ],
          [
            -113.99686702576249301612,
            46.86638221606506288181
          ]
        ]
      },
      "properties": {
        "svgPathIndex": 97,
        "elementId": null,
        "category": "parking_marking",
        "fill": "none",
        "stroke": "#CCCCCC",
        "strokeWidth": 0.4,
        "__gm_id": "feature-203",
        "__gm_shape": "line",
        "fillColor": "#8f623f",
        "outlineColor": "#cccccc",
        "level": "a2"
      },
      "id": "feature-203"
    },
    {
      "type": "Feature",
      "geometry": {
        "type": "LineString",
        "coordinates": [
          [
            -113.99692076217449301612,
            46.86634754755606288181
          ],
          [
            -113.99689740628549301612,
            46.86639003302706288181
          ]
        ]
      },
      "properties": {
        "svgPathIndex": 98,
        "elementId": null,
        "category": "parking_marking",
        "fill": "none",
        "stroke": "#CCCCCC",
        "strokeWidth": 0.4,
        "__gm_id": "feature-205",
        "__gm_shape": "line",
        "fillColor": "#8f623f",
        "outlineColor": "#cccccc",
        "level": "a2"
      },
      "id": "feature-205"
    },
    {
      "type": "Feature",
      "geometry": {
        "type": "LineString",
        "coordinates": [
          [
            -113.99671654934449301612,
            46.86618589206006288181
          ],
          [
            -113.99669319345649301612,
            46.86622837765806288181
          ]
        ]
      },
      "properties": {
        "svgPathIndex": 99,
        "elementId": null,
        "category": "parking_marking",
        "fill": "none",
        "stroke": "#CCCCCC",
        "strokeWidth": 0.4,
        "__gm_id": "feature-207",
        "__gm_shape": "line",
        "fillColor": "#8f623f",
        "outlineColor": "#cccccc",
        "level": "a2"
      },
      "id": "feature-207"
    },
    {
      "type": "Feature",
      "geometry": {
        "type": "LineString",
        "coordinates": [
          [
            -113.99674692986849301612,
            46.86619370905006288181
          ],
          [
            -113.99672312681549301612,
            46.86623650614706288181
          ]
        ]
      },
      "properties": {
        "svgPathIndex": 100,
        "elementId": null,
        "category": "parking_marking",
        "fill": "none",
        "stroke": "#CCCCCC",
        "strokeWidth": 0.4,
        "__gm_id": "feature-209",
        "__gm_shape": "line",
        "fillColor": "#8f623f",
        "outlineColor": "#cccccc",
        "level": "a2"
      },
      "id": "feature-209"
    },
    {
      "type": "Feature",
      "geometry": {
        "type": "LineString",
        "coordinates": [
          [
            -113.99659502627049301612,
            46.86615462738706288181
          ],
          [
            -113.99657167036649301612,
            46.86619711191306288181
          ]
        ]
      },
      "properties": {
        "svgPathIndex": 101,
        "elementId": null,
        "category": "parking_marking",
        "fill": "none",
        "stroke": "#CCCCCC",
        "strokeWidth": 0.4,
        "__gm_id": "feature-211",
        "__gm_shape": "line",
        "fillColor": "#8f623f",
        "outlineColor": "#cccccc",
        "level": "a2"
      },
      "id": "feature-211"
    },
    {
      "type": "Feature",
      "geometry": {
        "type": "LineString",
        "coordinates": [
          [
            -113.99662540677849301612,
            46.86616244328406288181
          ],
          [
            -113.99660205089049301612,
            46.86620492890106288181
          ]
        ]
      },
      "properties": {
        "svgPathIndex": 102,
        "elementId": null,
        "category": "parking_marking",
        "fill": "none",
        "stroke": "#CCCCCC",
        "strokeWidth": 0.4,
        "__gm_id": "feature-213",
        "__gm_shape": "line",
        "fillColor": "#8f623f",
        "outlineColor": "#cccccc",
        "level": "a2"
      },
      "id": "feature-213"
    },
    {
      "type": "Feature",
      "geometry": {
        "type": "LineString",
        "coordinates": [
          [
            -113.99665578728749301612,
            46.86617025918106288181
          ],
          [
            -113.99663243242449301612,
            46.86621274478406288181
          ]
        ]
      },
      "properties": {
        "svgPathIndex": 103,
        "elementId": null,
        "category": "parking_marking",
        "fill": "none",
        "stroke": "#CCCCCC",
        "strokeWidth": 0.4,
        "__gm_id": "feature-215",
        "__gm_shape": "line",
        "fillColor": "#8f623f",
        "outlineColor": "#cccccc",
        "level": "a2"
      },
      "id": "feature-215"
    },
    {
      "type": "Feature",
      "geometry": {
        "type": "LineString",
        "coordinates": [
          [
            -113.99668616883649301612,
            46.86617807616606288181
          ],
          [
            -113.99666281294849301612,
            46.86622056177006288181
          ]
        ]
      },
      "properties": {
        "svgPathIndex": 104,
        "elementId": null,
        "category": "parking_marking",
        "fill": "none",
        "stroke": "#CCCCCC",
        "strokeWidth": 0.4,
        "__gm_id": "feature-217",
        "__gm_shape": "line",
        "fillColor": "#8f623f",
        "outlineColor": "#cccccc",
        "level": "a2"
      },
      "id": "feature-217"
    },
    {
      "type": "Feature",
      "geometry": {
        "type": "LineString",
        "coordinates": [
          [
            -113.99689838630149301612,
            46.86623310218906288181
          ],
          [
            -113.99687503041349301612,
            46.86627558775006288181
          ]
        ]
      },
      "properties": {
        "svgPathIndex": 105,
        "elementId": null,
        "category": "parking_marking",
        "fill": "none",
        "stroke": "#CCCCCC",
        "strokeWidth": 0.4,
        "__gm_id": "feature-219",
        "__gm_shape": "line",
        "fillColor": "#8f623f",
        "outlineColor": "#cccccc",
        "level": "a2"
      },
      "id": "feature-219"
    },
    {
      "type": "Feature",
      "geometry": {
        "type": "LineString",
        "coordinates": [
          [
            -113.99692876682549301612,
            46.86624091917206288181
          ],
          [
            -113.99690541196249301612,
            46.86628340472006288181
          ]
        ]
      },
      "properties": {
        "svgPathIndex": 106,
        "elementId": null,
        "category": "parking_marking",
        "fill": "none",
        "stroke": "#CCCCCC",
        "strokeWidth": 0.4,
        "__gm_id": "feature-221",
        "__gm_shape": "line",
        "fillColor": "#8f623f",
        "outlineColor": "#cccccc",
        "level": "a2"
      },
      "id": "feature-221"
    },
    {
      "type": "Feature",
      "geometry": {
        "type": "LineString",
        "coordinates": [
          [
            -113.99677731037649301612,
            46.86620152494206288181
          ],
          [
            -113.99675350732349301612,
            46.86624432203206288181
          ]
        ]
      },
      "properties": {
        "svgPathIndex": 107,
        "elementId": null,
        "category": "parking_marking",
        "fill": "none",
        "stroke": "#CCCCCC",
        "strokeWidth": 0.4,
        "__gm_id": "feature-223",
        "__gm_shape": "line",
        "fillColor": "#8f623f",
        "outlineColor": "#cccccc",
        "level": "a2"
      },
      "id": "feature-223"
    },
    {
      "type": "Feature",
      "geometry": {
        "type": "LineString",
        "coordinates": [
          [
            -113.99680723944849301612,
            46.86620934512706288181
          ],
          [
            -113.99678388887349301612,
            46.86625213900706288181
          ]
        ]
      },
      "properties": {
        "svgPathIndex": 108,
        "elementId": null,
        "category": "parking_marking",
        "fill": "none",
        "stroke": "#CCCCCC",
        "strokeWidth": 0.4,
        "__gm_id": "feature-225",
        "__gm_shape": "line",
        "fillColor": "#8f623f",
        "outlineColor": "#cccccc",
        "level": "a2"
      },
      "id": "feature-225"
    },
    {
      "type": "Feature",
      "geometry": {
        "type": "LineString",
        "coordinates": [
          [
            -113.99683762098249301612,
            46.86621716100906288181
          ],
          [
            -113.99681426938149301612,
            46.86625995489006288181
          ]
        ]
      },
      "properties": {
        "svgPathIndex": 109,
        "elementId": null,
        "category": "parking_marking",
        "fill": "none",
        "stroke": "#CCCCCC",
        "strokeWidth": 0.4,
        "__gm_id": "feature-227",
        "__gm_shape": "line",
        "fillColor": "#8f623f",
        "outlineColor": "#cccccc",
        "level": "a2"
      },
      "id": "feature-227"
    },
    {
      "type": "Feature",
      "geometry": {
        "type": "LineString",
        "coordinates": [
          [
            -113.99686800579349301612,
            46.86622528630206288181
          ],
          [
            -113.99684464990549301612,
            46.86626777186906288181
          ]
        ]
      },
      "properties": {
        "svgPathIndex": 110,
        "elementId": null,
        "category": "parking_marking",
        "fill": "none",
        "stroke": "#CCCCCC",
        "strokeWidth": 0.4,
        "__gm_id": "feature-229",
        "__gm_shape": "line",
        "fillColor": "#8f623f",
        "outlineColor": "#cccccc",
        "level": "a2"
      },
      "id": "feature-229"
    },
    {
      "type": "Feature",
      "geometry": {
        "type": "LineString",
        "coordinates": [
          [
            -113.99698952888349301612,
            46.86625655203106288181
          ],
          [
            -113.99696617299449301612,
            46.86629903757306288181
          ]
        ]
      },
      "properties": {
        "svgPathIndex": 111,
        "elementId": null,
        "category": "parking_marking",
        "fill": "none",
        "stroke": "#CCCCCC",
        "strokeWidth": 0.4,
        "__gm_id": "feature-231",
        "__gm_shape": "line",
        "fillColor": "#8f623f",
        "outlineColor": "#cccccc",
        "level": "a2"
      },
      "id": "feature-231"
    },
    {
      "type": "Feature",
      "geometry": {
        "type": "LineString",
        "coordinates": [
          [
            -113.99701990939149301612,
            46.86626436791406288181
          ],
          [
            -113.99699655350249301612,
            46.86630685345006288181
          ]
        ]
      },
      "properties": {
        "svgPathIndex": 112,
        "elementId": null,
        "category": "parking_marking",
        "fill": "none",
        "stroke": "#CCCCCC",
        "strokeWidth": 0.4,
        "__gm_id": "feature-233",
        "__gm_shape": "line",
        "fillColor": "#8f623f",
        "outlineColor": "#cccccc",
        "level": "a2"
      },
      "id": "feature-233"
    },
    {
      "type": "Feature",
      "geometry": {
        "type": "LineString",
        "coordinates": [
          [
            -113.99695914835949301612,
            46.86624873505006288181
          ],
          [
            -113.99693579247149301612,
            46.86629122059906288181
          ]
        ]
      },
      "properties": {
        "svgPathIndex": 113,
        "elementId": null,
        "category": "parking_marking",
        "fill": "none",
        "stroke": "#CCCCCC",
        "strokeWidth": 0.4,
        "__gm_id": "feature-235",
        "__gm_shape": "line",
        "fillColor": "#8f623f",
        "outlineColor": "#cccccc",
        "level": "a2"
      },
      "id": "feature-235"
    },
    {
      "type": "Feature",
      "geometry": {
        "type": "LineString",
        "coordinates": [
          [
            -113.99706933398749301612,
            46.86627699219806288181
          ],
          [
            -113.99704597809949301612,
            46.86631947772406288181
          ]
        ]
      },
      "properties": {
        "svgPathIndex": 114,
        "elementId": null,
        "category": "parking_marking",
        "fill": "none",
        "stroke": "#CCCCCC",
        "strokeWidth": 0.4,
        "__gm_id": "feature-237",
        "__gm_shape": "line",
        "fillColor": "#8f623f",
        "outlineColor": "#cccccc",
        "level": "a2"
      },
      "id": "feature-237"
    },
    {
      "type": "Feature",
      "geometry": {
        "type": "LineString",
        "coordinates": [
          [
            -113.99709971449649301612,
            46.86628480807706288181
          ],
          [
            -113.99707635860749301612,
            46.86632729359806288181
          ]
        ]
      },
      "properties": {
        "svgPathIndex": 115,
        "elementId": null,
        "category": "parking_marking",
        "fill": "none",
        "stroke": "#CCCCCC",
        "strokeWidth": 0.4,
        "__gm_id": "feature-239",
        "__gm_shape": "line",
        "fillColor": "#8f623f",
        "outlineColor": "#cccccc",
        "level": "a2"
      },
      "id": "feature-239"
    },
    {
      "type": "Feature",
      "geometry": {
        "type": "LineString",
        "coordinates": [
          [
            -113.99703895346449301612,
            46.86626917522006288181
          ],
          [
            -113.99701559757549301612,
            46.86631166075206288181
          ]
        ]
      },
      "properties": {
        "svgPathIndex": 116,
        "elementId": null,
        "category": "parking_marking",
        "fill": "none",
        "stroke": "#CCCCCC",
        "strokeWidth": 0.4,
        "__gm_id": "feature-241",
        "__gm_shape": "line",
        "fillColor": "#8f623f",
        "outlineColor": "#cccccc",
        "level": "a2"
      },
      "id": "feature-241"
    },
    {
      "type": "Feature",
      "geometry": {
        "type": "LineString",
        "coordinates": [
          [
            -113.99646363094649301612,
            46.86619324431006288181
          ],
          [
            -113.99646256521449301612,
            46.86614907831906288181
          ]
        ]
      },
      "properties": {
        "svgPathIndex": 117,
        "elementId": null,
        "category": "parking_marking",
        "fill": "none",
        "stroke": "#CCCCCC",
        "strokeWidth": 0.4,
        "__gm_id": "feature-243",
        "__gm_shape": "line",
        "fillColor": "#8f623f",
        "outlineColor": "#cccccc",
        "level": "a2"
      },
      "id": "feature-243"
    },
    {
      "type": "Feature",
      "geometry": {
        "type": "LineString",
        "coordinates": [
          [
            -113.99643065135549301612,
            46.86619347787406288181
          ],
          [
            -113.99643003707549301612,
            46.86614930868706288181
          ]
        ]
      },
      "properties": {
        "svgPathIndex": 118,
        "elementId": null,
        "category": "parking_marking",
        "fill": "none",
        "stroke": "#CCCCCC",
        "strokeWidth": 0.4,
        "__gm_id": "feature-245",
        "__gm_shape": "line",
        "fillColor": "#8f623f",
        "outlineColor": "#cccccc",
        "level": "a2"
      },
      "id": "feature-245"
    },
    {
      "type": "Feature",
      "geometry": {
        "type": "LineString",
        "coordinates": [
          [
            -113.99639812321549301612,
            46.86619370824206288181
          ],
          [
            -113.99639750893549301612,
            46.86614953905506288181
          ]
        ]
      },
      "properties": {
        "svgPathIndex": 119,
        "elementId": null,
        "category": "parking_marking",
        "fill": "none",
        "stroke": "#CCCCCC",
        "strokeWidth": 0.4,
        "__gm_id": "feature-247",
        "__gm_shape": "line",
        "fillColor": "#8f623f",
        "outlineColor": "#cccccc",
        "level": "a2"
      },
      "id": "feature-247"
    },
    {
      "type": "Feature",
      "geometry": {
        "type": "LineString",
        "coordinates": [
          [
            -113.99636559507549301612,
            46.86619393861006288181
          ],
          [
            -113.99636452934349301612,
            46.86614977262006288181
          ]
        ]
      },
      "properties": {
        "svgPathIndex": 120,
        "elementId": null,
        "category": "parking_marking",
        "fill": "none",
        "stroke": "#CCCCCC",
        "strokeWidth": 0.4,
        "__gm_id": "feature-249",
        "__gm_shape": "line",
        "fillColor": "#8f623f",
        "outlineColor": "#cccccc",
        "level": "a2"
      },
      "id": "feature-249"
    },
    {
      "type": "Feature",
      "geometry": {
        "type": "LineString",
        "coordinates": [
          [
            -113.99633306693649301612,
            46.86619416897706288181
          ],
          [
            -113.99633200120349301612,
            46.86615000298806288181
          ]
        ]
      },
      "properties": {
        "svgPathIndex": 121,
        "elementId": null,
        "category": "parking_marking",
        "fill": "none",
        "stroke": "#CCCCCC",
        "strokeWidth": 0.4,
        "__gm_id": "feature-251",
        "__gm_shape": "line",
        "fillColor": "#8f623f",
        "outlineColor": "#cccccc",
        "level": "a2"
      },
      "id": "feature-251"
    },
    {
      "type": "Feature",
      "geometry": {
        "type": "LineString",
        "coordinates": [
          [
            -113.99630008734449301612,
            46.86619440254206288181
          ],
          [
            -113.99629947306449301612,
            46.86615023335506288181
          ]
        ]
      },
      "properties": {
        "svgPathIndex": 122,
        "elementId": null,
        "category": "parking_marking",
        "fill": "none",
        "stroke": "#CCCCCC",
        "strokeWidth": 0.4,
        "__gm_id": "feature-253",
        "__gm_shape": "line",
        "fillColor": "#8f623f",
        "outlineColor": "#cccccc",
        "level": "a2"
      },
      "id": "feature-253"
    },
    {
      "type": "Feature",
      "geometry": {
        "type": "LineString",
        "coordinates": [
          [
            -113.99626755920449301612,
            46.86619463291006288181
          ],
          [
            -113.99626694492449301612,
            46.86615046372306288181
          ]
        ]
      },
      "properties": {
        "svgPathIndex": 123,
        "elementId": null,
        "category": "parking_marking",
        "fill": "none",
        "stroke": "#CCCCCC",
        "strokeWidth": 0.4,
        "__gm_id": "feature-255",
        "__gm_shape": "line",
        "fillColor": "#8f623f",
        "outlineColor": "#cccccc",
        "level": "a2"
      },
      "id": "feature-255"
    },
    {
      "type": "Feature",
      "geometry": {
        "type": "LineString",
        "coordinates": [
          [
            -113.99623503106449301612,
            46.86619486327706288181
          ],
          [
            -113.99623396533249301612,
            46.86615069728806288181
          ]
        ]
      },
      "properties": {
        "svgPathIndex": 124,
        "elementId": null,
        "category": "parking_marking",
        "fill": "none",
        "stroke": "#CCCCCC",
        "strokeWidth": 0.4,
        "__gm_id": "feature-257",
        "__gm_shape": "line",
        "fillColor": "#8f623f",
        "outlineColor": "#cccccc",
        "level": "a2"
      },
      "id": "feature-257"
    },
    {
      "type": "Feature",
      "geometry": {
        "type": "LineString",
        "coordinates": [
          [
            -113.99620250395149301612,
            46.86619509363806288181
          ],
          [
            -113.99620143719349301612,
            46.86615092765606288181
          ]
        ]
      },
      "properties": {
        "svgPathIndex": 125,
        "elementId": null,
        "category": "parking_marking",
        "fill": "none",
        "stroke": "#CCCCCC",
        "strokeWidth": 0.4,
        "__gm_id": "feature-259",
        "__gm_shape": "line",
        "fillColor": "#8f623f",
        "outlineColor": "#cccccc",
        "level": "a2"
      },
      "id": "feature-259"
    },
    {
      "type": "Feature",
      "geometry": {
        "type": "LineString",
        "coordinates": [
          [
            -113.99616952333349301612,
            46.86619532721006288181
          ],
          [
            -113.99616890905349301612,
            46.86615115802406288181
          ]
        ]
      },
      "properties": {
        "svgPathIndex": 126,
        "elementId": null,
        "category": "parking_marking",
        "fill": "none",
        "stroke": "#CCCCCC",
        "strokeWidth": 0.4,
        "__gm_id": "feature-261",
        "__gm_shape": "line",
        "fillColor": "#8f623f",
        "outlineColor": "#cccccc",
        "level": "a2"
      },
      "id": "feature-261"
    },
    {
      "type": "Feature",
      "geometry": {
        "type": "LineString",
        "coordinates": [
          [
            -113.99613699621949301612,
            46.86619555757006288181
          ],
          [
            -113.99613638193949301612,
            46.86615138838406288181
          ]
        ]
      },
      "properties": {
        "svgPathIndex": 127,
        "elementId": null,
        "category": "parking_marking",
        "fill": "none",
        "stroke": "#CCCCCC",
        "strokeWidth": 0.4,
        "__gm_id": "feature-263",
        "__gm_shape": "line",
        "fillColor": "#8f623f",
        "outlineColor": "#cccccc",
        "level": "a2"
      },
      "id": "feature-263"
    },
    {
      "type": "Feature",
      "geometry": {
        "type": "LineString",
        "coordinates": [
          [
            -113.99610446808049301612,
            46.86619578793806288181
          ],
          [
            -113.99610340132149301612,
            46.86615162195706288181
          ]
        ]
      },
      "properties": {
        "svgPathIndex": 128,
        "elementId": null,
        "category": "parking_marking",
        "fill": "none",
        "stroke": "#CCCCCC",
        "strokeWidth": 0.4,
        "__gm_id": "feature-265",
        "__gm_shape": "line",
        "fillColor": "#8f623f",
        "outlineColor": "#cccccc",
        "level": "a2"
      },
      "id": "feature-265"
    },
    {
      "type": "Feature",
      "geometry": {
        "type": "LineString",
        "coordinates": [
          [
            -113.99607193994049301612,
            46.86619601830506288181
          ],
          [
            -113.99607087420849301612,
            46.86615185231706288181
          ]
        ]
      },
      "properties": {
        "svgPathIndex": 129,
        "elementId": null,
        "category": "parking_marking",
        "fill": "none",
        "stroke": "#CCCCCC",
        "strokeWidth": 0.4,
        "__gm_id": "feature-267",
        "__gm_shape": "line",
        "fillColor": "#8f623f",
        "outlineColor": "#cccccc",
        "level": "a2"
      },
      "id": "feature-267"
    },
    {
      "type": "Feature",
      "geometry": {
        "type": "LineString",
        "coordinates": [
          [
            -113.99603941180049301612,
            46.86619624867306288181
          ],
          [
            -113.99603834606849301612,
            46.86615208268506288181
          ]
        ]
      },
      "properties": {
        "svgPathIndex": 130,
        "elementId": null,
        "category": "parking_marking",
        "fill": "none",
        "stroke": "#CCCCCC",
        "strokeWidth": 0.4,
        "__gm_id": "feature-269",
        "__gm_shape": "line",
        "fillColor": "#8f623f",
        "outlineColor": "#cccccc",
        "level": "a2"
      },
      "id": "feature-269"
    },
    {
      "type": "Feature",
      "geometry": {
        "type": "LineString",
        "coordinates": [
          [
            -113.99600643220949301612,
            46.86619648223806288181
          ],
          [
            -113.99600581792849301612,
            46.86615231305306288181
          ]
        ]
      },
      "properties": {
        "svgPathIndex": 131,
        "elementId": null,
        "category": "parking_marking",
        "fill": "none",
        "stroke": "#CCCCCC",
        "strokeWidth": 0.4,
        "__gm_id": "feature-271",
        "__gm_shape": "line",
        "fillColor": "#8f623f",
        "outlineColor": "#cccccc",
        "level": "a2"
      },
      "id": "feature-271"
    },
    {
      "type": "Feature",
      "geometry": {
        "type": "LineString",
        "coordinates": [
          [
            -113.99597390406949301612,
            46.86619671260506288181
          ],
          [
            -113.99597328978949301612,
            46.86615254342106288181
          ]
        ]
      },
      "properties": {
        "svgPathIndex": 132,
        "elementId": null,
        "category": "parking_marking",
        "fill": "none",
        "stroke": "#CCCCCC",
        "strokeWidth": 0.4,
        "__gm_id": "feature-273",
        "__gm_shape": "line",
        "fillColor": "#8f623f",
        "outlineColor": "#cccccc",
        "level": "a2"
      },
      "id": "feature-273"
    },
    {
      "type": "Feature",
      "geometry": {
        "type": "LineString",
        "coordinates": [
          [
            -113.99594137592949301612,
            46.86619694297306288181
          ],
          [
            -113.99594031019749301612,
            46.86615277698606288181
          ]
        ]
      },
      "properties": {
        "svgPathIndex": 133,
        "elementId": null,
        "category": "parking_marking",
        "fill": "none",
        "stroke": "#CCCCCC",
        "strokeWidth": 0.4,
        "__gm_id": "feature-275",
        "__gm_shape": "line",
        "fillColor": "#8f623f",
        "outlineColor": "#cccccc",
        "level": "a2"
      },
      "id": "feature-275"
    },
    {
      "type": "Feature",
      "geometry": {
        "type": "LineString",
        "coordinates": [
          [
            -113.99586242053549301612,
            46.86630252894506288181
          ],
          [
            -113.99579827248849301612,
            46.86630329268206288181
          ]
        ]
      },
      "properties": {
        "svgPathIndex": 134,
        "elementId": null,
        "category": "parking_marking",
        "fill": "none",
        "stroke": "#CCCCCC",
        "strokeWidth": 0.4,
        "__gm_id": "feature-277",
        "__gm_shape": "line",
        "fillColor": "#8f623f",
        "outlineColor": "#cccccc",
        "level": "a2"
      },
      "id": "feature-277"
    },
    {
      "type": "Feature",
      "geometry": {
        "type": "LineString",
        "coordinates": [
          [
            -113.99586272981849301612,
            46.86632476763406288181
          ],
          [
            -113.99579858177249301612,
            46.86632553137006288181
          ]
        ]
      },
      "properties": {
        "svgPathIndex": 135,
        "elementId": null,
        "category": "parking_marking",
        "fill": "none",
        "stroke": "#CCCCCC",
        "strokeWidth": 0.4,
        "__gm_id": "feature-279",
        "__gm_shape": "line",
        "fillColor": "#8f623f",
        "outlineColor": "#cccccc",
        "level": "a2"
      },
      "id": "feature-279"
    },
    {
      "type": "Feature",
      "geometry": {
        "type": "LineString",
        "coordinates": [
          [
            -113.99586304340549301612,
            46.86634731571706288181
          ],
          [
            -113.99579889105649301612,
            46.86634777005006288181
          ]
        ]
      },
      "properties": {
        "svgPathIndex": 136,
        "elementId": null,
        "category": "parking_marking",
        "fill": "none",
        "stroke": "#CCCCCC",
        "strokeWidth": 0.4,
        "__gm_id": "feature-281",
        "__gm_shape": "line",
        "fillColor": "#8f623f",
        "outlineColor": "#cccccc",
        "level": "a2"
      },
      "id": "feature-281"
    },
    {
      "type": "Feature",
      "geometry": {
        "type": "LineString",
        "coordinates": [
          [
            -113.99586335268949301612,
            46.86636955438706288181
          ],
          [
            -113.99579920034049301612,
            46.86637000871906288181
          ]
        ]
      },
      "properties": {
        "svgPathIndex": 137,
        "elementId": null,
        "category": "parking_marking",
        "fill": "none",
        "stroke": "#CCCCCC",
        "strokeWidth": 0.4,
        "__gm_id": "feature-283",
        "__gm_shape": "line",
        "fillColor": "#8f623f",
        "outlineColor": "#cccccc",
        "level": "a2"
      },
      "id": "feature-283"
    },
    {
      "type": "Feature",
      "geometry": {
        "type": "LineString",
        "coordinates": [
          [
            -113.99586366198949301612,
            46.86639179414606288181
          ],
          [
            -113.99579951392749301612,
            46.86639255678406288181
          ]
        ]
      },
      "properties": {
        "svgPathIndex": 138,
        "elementId": null,
        "category": "parking_marking",
        "fill": "none",
        "stroke": "#CCCCCC",
        "strokeWidth": 0.4,
        "__gm_id": "feature-285",
        "__gm_shape": "line",
        "fillColor": "#8f623f",
        "outlineColor": "#cccccc",
        "level": "a2"
      },
      "id": "feature-285"
    },
    {
      "type": "Feature",
      "geometry": {
        "type": "LineString",
        "coordinates": [
          [
            -113.99718254353949301612,
            46.86636021177306288181
          ],
          [
            -113.99711793871249301612,
            46.86636066930906288181
          ]
        ]
      },
      "properties": {
        "svgPathIndex": 139,
        "elementId": null,
        "category": "parking_marking",
        "fill": "none",
        "stroke": "#CCCCCC",
        "strokeWidth": 0.4,
        "__gm_id": "feature-287",
        "__gm_shape": "line",
        "fillColor": "#8f623f",
        "outlineColor": "#cccccc",
        "level": "a2"
      },
      "id": "feature-287"
    },
    {
      "type": "Feature",
      "geometry": {
        "type": "LineString",
        "coordinates": [
          [
            -113.99718285712649301612,
            46.86638275984106288181
          ],
          [
            -113.99711824801149301612,
            46.86638290907106288181
          ]
        ]
      },
      "properties": {
        "svgPathIndex": 140,
        "elementId": null,
        "category": "parking_marking",
        "fill": "none",
        "stroke": "#CCCCCC",
        "strokeWidth": 0.4,
        "__gm_id": "feature-289",
        "__gm_shape": "line",
        "fillColor": "#8f623f",
        "outlineColor": "#cccccc",
        "level": "a2"
      },
      "id": "feature-289"
    },
    {
      "type": "Feature",
      "geometry": {
        "type": "LineString",
        "coordinates": [
          [
            -113.99718330387849301612,
            46.86641488295006288181
          ],
          [
            -113.99711688791449301612,
            46.86641504387906288181
          ],
          [
            -113.99711675046149301612,
            46.86640516052206288181
          ],
          [
            -113.99718316641049301612,
            46.86640499849606288181
          ],
          [
            -113.99718330387849301612,
            46.86641488295006288181
          ]
        ]
      },
      "properties": {
        "svgPathIndex": 141,
        "elementId": null,
        "category": "parking_marking",
        "fill": "none",
        "stroke": "#CCCCCC",
        "strokeWidth": 0.4,
        "__gm_id": "feature-291",
        "__gm_shape": "line",
        "fillColor": "#8f623f",
        "outlineColor": "#cccccc",
        "level": "a2"
      },
      "id": "feature-291"
    },
    {
      "type": "Feature",
      "geometry": {
        "type": "LineString",
        "coordinates": [
          [
            -113.99712533849249301612,
            46.86640540803806288181
          ],
          [
            -113.99711688791449301612,
            46.86641504387906288181
          ]
        ]
      },
      "properties": {
        "svgPathIndex": 142,
        "elementId": null,
        "category": "parking_marking",
        "fill": "none",
        "stroke": "#CCCCCC",
        "strokeWidth": 0.4,
        "__gm_id": "feature-293",
        "__gm_shape": "line",
        "fillColor": "#8f623f",
        "outlineColor": "#cccccc",
        "level": "a2"
      },
      "id": "feature-293"
    },
    {
      "type": "Feature",
      "geometry": {
        "type": "LineString",
        "coordinates": [
          [
            -113.99713482616549301612,
            46.86640534084606288181
          ],
          [
            -113.99712637989049301612,
            46.86641528609006288181
          ]
        ]
      },
      "properties": {
        "svgPathIndex": 143,
        "elementId": null,
        "category": "parking_marking",
        "fill": "none",
        "stroke": "#CCCCCC",
        "strokeWidth": 0.4,
        "__gm_id": "feature-295",
        "__gm_shape": "line",
        "fillColor": "#8f623f",
        "outlineColor": "#cccccc",
        "level": "a2"
      },
      "id": "feature-295"
    },
    {
      "type": "Feature",
      "geometry": {
        "type": "LineString",
        "coordinates": [
          [
            -113.99714386136149301612,
            46.86640527685806288181
          ],
          [
            -113.99713586653749301612,
            46.86641521890506288181
          ]
        ]
      },
      "properties": {
        "svgPathIndex": 144,
        "elementId": null,
        "category": "parking_marking",
        "fill": "none",
        "stroke": "#CCCCCC",
        "strokeWidth": 0.4,
        "__gm_id": "feature-297",
        "__gm_shape": "line",
        "fillColor": "#8f623f",
        "outlineColor": "#cccccc",
        "level": "a2"
      },
      "id": "feature-297"
    },
    {
      "type": "Feature",
      "geometry": {
        "type": "LineString",
        "coordinates": [
          [
            -113.99715334903449301612,
            46.86640520966506288181
          ],
          [
            -113.99714535421149301612,
            46.86641515171206288181
          ]
        ]
      },
      "properties": {
        "svgPathIndex": 145,
        "elementId": null,
        "category": "parking_marking",
        "fill": "none",
        "stroke": "#CCCCCC",
        "strokeWidth": 0.4,
        "__gm_id": "feature-299",
        "__gm_shape": "line",
        "fillColor": "#8f623f",
        "outlineColor": "#cccccc",
        "level": "a2"
      },
      "id": "feature-299"
    },
    {
      "type": "Feature",
      "geometry": {
        "type": "LineString",
        "coordinates": [
          [
            -113.99716283568149301612,
            46.86640514248006288181
          ],
          [
            -113.99715438940649301612,
            46.86641508772406288181
          ]
        ]
      },
      "properties": {
        "svgPathIndex": 146,
        "elementId": null,
        "category": "parking_marking",
        "fill": "none",
        "stroke": "#CCCCCC",
        "strokeWidth": 0.4,
        "__gm_id": "feature-301",
        "__gm_shape": "line",
        "fillColor": "#8f623f",
        "outlineColor": "#cccccc",
        "level": "a2"
      },
      "id": "feature-301"
    },
    {
      "type": "Feature",
      "geometry": {
        "type": "LineString",
        "coordinates": [
          [
            -113.99717232335549301612,
            46.86640507528806288181
          ],
          [
            -113.99716387707949301612,
            46.86641502053206288181
          ]
        ]
      },
      "properties": {
        "svgPathIndex": 147,
        "elementId": null,
        "category": "parking_marking",
        "fill": "none",
        "stroke": "#CCCCCC",
        "strokeWidth": 0.4,
        "__gm_id": "feature-303",
        "__gm_shape": "line",
        "fillColor": "#8f623f",
        "outlineColor": "#cccccc",
        "level": "a2"
      },
      "id": "feature-303"
    },
    {
      "type": "Feature",
      "geometry": {
        "type": "LineString",
        "coordinates": [
          [
            -113.99718135855049301612,
            46.86640501130006288181
          ],
          [
            -113.99717336475349301612,
            46.86641495333906288181
          ]
        ]
      },
      "properties": {
        "svgPathIndex": 148,
        "elementId": null,
        "category": "parking_marking",
        "fill": "none",
        "stroke": "#CCCCCC",
        "strokeWidth": 0.4,
        "__gm_id": "feature-305",
        "__gm_shape": "line",
        "fillColor": "#8f623f",
        "outlineColor": "#cccccc",
        "level": "a2"
      },
      "id": "feature-305"
    },
    {
      "type": "Feature",
      "geometry": {
        "type": "LineString",
        "coordinates": [
          [
            -113.99657108759849301612,
            46.86648007291006288181
          ],
          [
            -113.99654773599749301612,
            46.86652286658206288181
          ]
        ]
      },
      "properties": {
        "svgPathIndex": 149,
        "elementId": null,
        "category": "parking_marking",
        "fill": "none",
        "stroke": "#CCCCCC",
        "strokeWidth": 0.4,
        "__gm_id": "feature-307",
        "__gm_shape": "line",
        "fillColor": "#8f623f",
        "outlineColor": "#cccccc",
        "level": "a2"
      },
      "id": "feature-307"
    },
    {
      "type": "Feature",
      "geometry": {
        "type": "LineString",
        "coordinates": [
          [
            -113.99672299548349301612,
            46.86651946264206288181
          ],
          [
            -113.99669963959549301612,
            46.86656194797706288181
          ]
        ]
      },
      "properties": {
        "svgPathIndex": 150,
        "elementId": null,
        "category": "parking_marking",
        "fill": "none",
        "stroke": "#CCCCCC",
        "strokeWidth": 0.4,
        "__gm_id": "feature-309",
        "__gm_shape": "line",
        "fillColor": "#8f623f",
        "outlineColor": "#cccccc",
        "level": "a2"
      },
      "id": "feature-309"
    },
    {
      "type": "Feature",
      "geometry": {
        "type": "LineString",
        "coordinates": [
          [
            -113.99675337600749301612,
            46.86652727958406288181
          ],
          [
            -113.99673002112949301612,
            46.86656976380806288181
          ]
        ]
      },
      "properties": {
        "svgPathIndex": 151,
        "elementId": null,
        "category": "parking_marking",
        "fill": "none",
        "stroke": "#CCCCCC",
        "strokeWidth": 0.4,
        "__gm_id": "feature-311",
        "__gm_shape": "line",
        "fillColor": "#8f623f",
        "outlineColor": "#cccccc",
        "level": "a2"
      },
      "id": "feature-311"
    },
    {
      "type": "Feature",
      "geometry": {
        "type": "LineString",
        "coordinates": [
          [
            -113.99678375754149301612,
            46.86653509542006288181
          ],
          [
            -113.99675995020149301612,
            46.86657758393906288181
          ]
        ]
      },
      "properties": {
        "svgPathIndex": 152,
        "elementId": null,
        "category": "parking_marking",
        "fill": "none",
        "stroke": "#CCCCCC",
        "strokeWidth": 0.4,
        "__gm_id": "feature-313",
        "__gm_shape": "line",
        "fillColor": "#8f623f",
        "outlineColor": "#cccccc",
        "level": "a2"
      },
      "id": "feature-313"
    },
    {
      "type": "Feature",
      "geometry": {
        "type": "LineString",
        "coordinates": [
          [
            -113.99681413806549301612,
            46.86654291235906288181
          ],
          [
            -113.99679033070949301612,
            46.86658539977506288181
          ]
        ]
      },
      "properties": {
        "svgPathIndex": 153,
        "elementId": null,
        "category": "parking_marking",
        "fill": "none",
        "stroke": "#CCCCCC",
        "strokeWidth": 0.4,
        "__gm_id": "feature-315",
        "__gm_shape": "line",
        "fillColor": "#8f623f",
        "outlineColor": "#cccccc",
        "level": "a2"
      },
      "id": "feature-315"
    },
    {
      "type": "Feature",
      "geometry": {
        "type": "LineString",
        "coordinates": [
          [
            -113.99684587824349301612,
            46.86655102690706288181
          ],
          [
            -113.99682252665749301612,
            46.86659382161806288181
          ]
        ]
      },
      "properties": {
        "svgPathIndex": 154,
        "elementId": null,
        "category": "parking_marking",
        "fill": "none",
        "stroke": "#CCCCCC",
        "strokeWidth": 0.4,
        "__gm_id": "feature-317",
        "__gm_shape": "line",
        "fillColor": "#8f623f",
        "outlineColor": "#cccccc",
        "level": "a2"
      },
      "id": "feature-317"
    },
    {
      "type": "Feature",
      "geometry": {
        "type": "LineString",
        "coordinates": [
          [
            -113.99698505444449301612,
            46.86642215633506288181
          ],
          [
            -113.99696170284349301612,
            46.86646495005306288181
          ]
        ]
      },
      "properties": {
        "svgPathIndex": 155,
        "elementId": null,
        "category": "parking_marking",
        "fill": "none",
        "stroke": "#CCCCCC",
        "strokeWidth": 0.4,
        "__gm_id": "feature-319",
        "__gm_shape": "line",
        "fillColor": "#8f623f",
        "outlineColor": "#cccccc",
        "level": "a2"
      },
      "id": "feature-319"
    },
    {
      "type": "Feature",
      "geometry": {
        "type": "LineString",
        "coordinates": [
          [
            -113.99590884778949301612,
            46.86619717334106288181
          ],
          [
            -113.99590778205749301612,
            46.86615300735306288181
          ]
        ]
      },
      "properties": {
        "svgPathIndex": 156,
        "elementId": null,
        "category": "parking_marking",
        "fill": "none",
        "stroke": "#CCCCCC",
        "strokeWidth": 0.4,
        "__gm_id": "feature-321",
        "__gm_shape": "line",
        "fillColor": "#8f623f",
        "outlineColor": "#cccccc",
        "level": "a2"
      },
      "id": "feature-321"
    },
    {
      "type": "Feature",
      "geometry": {
        "type": "LineString",
        "coordinates": [
          [
            -113.99586148838049301612,
            46.86623550342006288181
          ],
          [
            -113.99579734033349301612,
            46.86623626715706288181
          ]
        ]
      },
      "properties": {
        "svgPathIndex": 157,
        "elementId": null,
        "category": "parking_marking",
        "fill": "none",
        "stroke": "#CCCCCC",
        "strokeWidth": 0.4,
        "__gm_id": "feature-323",
        "__gm_shape": "line",
        "fillColor": "#8f623f",
        "outlineColor": "#cccccc",
        "level": "a2"
      },
      "id": "feature-323"
    },
    {
      "type": "Feature",
      "geometry": {
        "type": "LineString",
        "coordinates": [
          [
            -113.99586180196749301612,
            46.86625805154106288181
          ],
          [
            -113.99579764961749301612,
            46.86625850587406288181
          ]
        ]
      },
      "properties": {
        "svgPathIndex": 158,
        "elementId": null,
        "category": "parking_marking",
        "fill": "none",
        "stroke": "#CCCCCC",
        "strokeWidth": 0.4,
        "__gm_id": "feature-325",
        "__gm_shape": "line",
        "fillColor": "#8f623f",
        "outlineColor": "#cccccc",
        "level": "a2"
      },
      "id": "feature-325"
    },
    {
      "type": "Feature",
      "geometry": {
        "type": "LineString",
        "coordinates": [
          [
            -113.99586211125149301612,
            46.86628029024806288181
          ],
          [
            -113.99579795890149301612,
            46.86628074458006288181
          ]
        ]
      },
      "properties": {
        "svgPathIndex": 159,
        "elementId": null,
        "category": "parking_marking",
        "fill": "none",
        "stroke": "#CCCCCC",
        "strokeWidth": 0.4,
        "__gm_id": "feature-327",
        "__gm_shape": "line",
        "fillColor": "#8f623f",
        "outlineColor": "#cccccc",
        "level": "a2"
      },
      "id": "feature-327"
    },
    {
      "type": "Feature",
      "geometry": {
        "type": "LineString",
        "coordinates": [
          [
            -113.99710029154649301612,
            46.86665116351006288181
          ],
          [
            -113.99703816121249301612,
            46.86663461325606288181
          ]
        ]
      },
      "properties": {
        "svgPathIndex": 160,
        "elementId": null,
        "category": "parking_marking",
        "fill": "none",
        "stroke": "#CCCCCC",
        "strokeWidth": 0.4,
        "__gm_id": "feature-329",
        "__gm_shape": "line",
        "fillColor": "#8f623f",
        "outlineColor": "#cccccc",
        "level": "a2"
      },
      "id": "feature-329"
    },
    {
      "type": "Feature",
      "geometry": {
        "type": "LineString",
        "coordinates": [
          [
            -113.99711220647149301612,
            46.86663069168806288181
          ],
          [
            -113.99705007613849301612,
            46.86661414142806288181
          ]
        ]
      },
      "properties": {
        "svgPathIndex": 161,
        "elementId": null,
        "category": "parking_marking",
        "fill": "none",
        "stroke": "#CCCCCC",
        "strokeWidth": 0.4,
        "__gm_id": "feature-331",
        "__gm_shape": "line",
        "fillColor": "#8f623f",
        "outlineColor": "#cccccc",
        "level": "a2"
      },
      "id": "feature-331"
    }
  ]
}