{
  "type": "FeatureCollection",
  "features": [
    {
      "type": "Feature",
      "geometry": {
        "type": "Polygon",
        "coordinates": [
          [
            [
              -113.99697290600696,
              46.86661234792784
            ],
            [
              -113.99697174920097,
              46.866612026936835
            ],
            [
              -113.99697056823196,
              46.866611665516835
            ],
            [
              -113.99696939688197,
              46.86661125794384
            ],
            [
              -113.99696826590096,
              46.86661080180484
            ],
            [
              -113.99696721012997,
              46.86661029356084
            ],
            [
              -113.99696626134296,
              46.866609730791836
            ],
            [
              -113.99696545333997,
              46.86660910887084
            ],
            [
              -113.99696481890696,
              46.86660842427284
            ],
            [
              -113.99696439083097,
              46.86660767347384
            ],
            [
              -113.99696420088796,
              46.866606854053835
            ],
            [
              -113.99696428390297,
              46.866605961377836
            ],
            [
              -113.99696467062596,
              46.86660499303384
            ],
            [
              -113.99696544901197,
              46.866603780513834
            ],
            [
              -113.99696625506697,
              46.86660263912184
            ],
            [
              -113.99696711572696,
              46.86660158731884
            ],
            [
              -113.99696805792696,
              46.86660064356984
            ],
            [
              -113.99696910863396,
              46.86659982853184
            ],
            [
              -113.99697029375896,
              46.866599160673836
            ],
            [
              -113.99697164228996,
              46.866598658444836
            ],
            [
              -113.99697318016696,
              46.86659834250984
            ],
            [
              -113.99697493328496,
              46.86659823024184
            ],
            [
              -113.99697693064697,
              46.866598341185835
            ],
            [
              -113.99697919716796,
              46.86659869601484
            ],
            [
              -113.99698176078097,
              46.86659931098984
            ],
            [
              -113.99703164541997,
              46.86661254970084
            ],
            [
              -113.99709120510197,
              46.86650926337884
            ],
            [
              -113.99702907580996,
              46.866492714176836
            ],
            [
              -113.99703744905597,
              46.86647751787684
            ],
            [
              -113.99703679613997,
              46.866430570891836
            ],
            [
              -113.99703679897696,
              46.86642834009684
            ],
            [
              -113.99703689747996,
              46.86642642134884
            ],
            [
              -113.99703712517096,
              46.86642479027084
            ],
            [
              -113.99703751664596,
              46.86642342577084
            ],
            [
              -113.99703810544196,
              46.86642230456684
            ],
            [
              -113.99703892716596,
              46.86642140446184
            ],
            [
              -113.99704001534096,
              46.866420701077836
            ],
            [
              -113.99704140351996,
              46.86642017223184
            ],
            [
              -113.99704312730996,
              46.86641979572584
            ],
            [
              -113.99704521923796,
              46.866419549383835
            ],
            [
              -113.99704771385296,
              46.86641940882084
            ],
            [
              -113.99705064676097,
              46.86641935183984
            ],
            [
              -113.99710350460396,
              46.866418977496835
            ],
            [
              -113.99710212569697,
              46.866319829003835
            ],
            [
              -113.99703661796497,
              46.86632029293484
            ],
            [
              -113.99703468839296,
              46.86632026051384
            ],
            [
              -113.99703296991196,
              46.866320133329836
            ],
            [
              -113.99703146550796,
              46.866319904775835
            ],
            [
              -113.99703018130596,
              46.866319572614834
            ],
            [
              -113.99702912234596,
              46.866319130227836
            ],
            [
              -113.99702829167497,
              46.86631857539784
            ],
            [
              -113.99702769436196,
              46.86631790370084
            ],
            [
              -113.99702733648697,
              46.86631710960584
            ],
            [
              -113.99702722108196,
              46.866316189801836
            ],
            [
              -113.99702735217497,
              46.86631513877084
            ],
            [
              -113.99702773690197,
              46.866313953172835
            ],
            [
              -113.99702837828096,
              46.86631262859684
            ],
            [
              -113.99704953070597,
              46.866274174750835
            ],
            [
              -113.99653939946796,
              46.86614248764484
            ],
            [
              -113.99648408042196,
              46.866128361192835
            ],
            [
              -113.99646248942496,
              46.866167744359835
            ],
            [
              -113.99646127924996,
              46.86616985752884
            ],
            [
              -113.99646004715096,
              46.86617157473284
            ],
            [
              -113.99645875673997,
              46.866172935729836
            ],
            [
              -113.99645737164296,
              46.866173981378836
            ],
            [
              -113.99645585757196,
              46.86617475471684
            ],
            [
              -113.99645417914897,
              46.86617529439984
            ],
            [
              -113.99645230001697,
              46.86617564238084
            ],
            [
              -113.99645018484496,
              46.866175840606836
            ],
            [
              -113.99644779929696,
              46.86617592882584
            ],
            [
              -113.99644510597597,
              46.86617594789984
            ],
            [
              -113.99644207057597,
              46.86617593976984
            ],
            [
              -113.99643865672397,
              46.86617594529384
            ],
            [
              -113.99642736221696,
              46.86617602528284
            ],
            [
              -113.99642437794996,
              46.866176004720835
            ],
            [
              -113.99642194025397,
              46.86617588482384
            ],
            [
              -113.99641999346396,
              46.866175647331836
            ],
            [
              -113.99641848295697,
              46.86617527507584
            ],
            [
              -113.99641735205596,
              46.86617475090084
            ],
            [
              -113.99641654713496,
              46.86617405543384
            ],
            [
              -113.99641601355296,
              46.86617317040984
            ],
            [
              -113.99641569364097,
              46.86617208087384
            ],
            [
              -113.99641553476397,
              46.86617076525384
            ],
            [
              -113.99641548027897,
              46.86616920858784
            ],
            [
              -113.99641547552996,
              46.86616739151184
            ],
            [
              -113.99641546591096,
              46.866165297954836
            ],
            [
              -113.99641498049296,
              46.866130394450835
            ],
            [
              -113.99582902457796,
              46.86613454425484
            ],
            [
              -113.99582940260296,
              46.86616172580184
            ],
            [
              -113.99571645855697,
              46.86616252568384
            ],
            [
              -113.99571700409597,
              46.86620175205284
            ],
            [
              -113.99571724465297,
              46.866219049081835
            ],
            [
              -113.99571771717797,
              46.86625302541184
            ],
            [
              -113.99571971036497,
              46.86639634303384
            ],
            [
              -113.99579380183896,
              46.86639581831284
            ],
            [
              -113.99579745550297,
              46.866395864857836
            ],
            [
              -113.99580032945497,
              46.866396069446836
            ],
            [
              -113.99580248642096,
              46.86639644151284
            ],
            [
              -113.99580399223296,
              46.86639699265784
            ],
            [
              -113.99580491064296,
              46.866397732305835
            ],
            [
              -113.99580530644397,
              46.86639867097184
            ],
            [
              -113.99580524339996,
              46.86639981917684
            ],
            [
              -113.99580478731696,
              46.86640118632984
            ],
            [
              -113.99580400093296,
              46.86640278295984
            ],
            [
              -113.99580295006696,
              46.866404619573835
            ],
            [
              -113.99580169848596,
              46.86640670669184
            ],
            [
              -113.99580031098097,
              46.866409054828836
            ],
            [
              -113.99578488547697,
              46.86643696483084
            ],
            [
              -113.99587466837296,
              46.86646011477184
            ],
            [
              -113.99589099206597,
              46.86646432355484
            ],
            [
              -113.99591956145197,
              46.866471843894836
            ],
            [
              -113.99593674755896,
              46.86644052315784
            ],
            [
              -113.99593842325096,
              46.86643764738284
            ],
            [
              -113.99593996943496,
              46.86643534640384
            ],
            [
              -113.99594145837996,
              46.86643357801284
            ],
            [
              -113.99594295823496,
              46.86643229893184
            ],
            [
              -113.99594454022596,
              46.86643146586284
            ],
            [
              -113.99594627351296,
              46.86643103442584
            ],
            [
              -113.99594822728596,
              46.86643096243384
            ],
            [
              -113.99595047376796,
              46.86643120438484
            ],
            [
              -113.99595308115197,
              46.866431720295836
            ],
            [
              -113.99595611959296,
              46.86643246358384
            ],
            [
              -113.99595966033496,
              46.86643339204684
            ],
            [
              -113.99596377255097,
              46.86643446240084
            ],
            [
              -113.99605083609296,
              46.86645701383084
            ],
            [
              -113.99605420007896,
              46.86645799731184
            ],
            [
              -113.99605685028597,
              46.86645900998884
            ],
            [
              -113.99605884141397,
              46.866460074515835
            ],
            [
              -113.99606023228196,
              46.86646121461684
            ],
            [
              -113.99606107757397,
              46.866462451850836
            ],
            [
              -113.99606143509996,
              46.86646381104584
            ],
            [
              -113.99606136160996,
              46.86646531484284
            ],
            [
              -113.99606091489896,
              46.86646698697284
            ],
            [
              -113.99606014964996,
              46.86646884899284
            ],
            [
              -113.99605912471296,
              46.866470926822835
            ],
            [
              -113.99605789578496,
              46.866473240914836
            ],
            [
              -113.99605651964696,
              46.86647581610584
            ],
            [
              -113.99604154130796,
              46.866503414570836
            ],
            [
              -113.99689085611297,
              46.86672289819484
            ],
            [
              -113.99691730118697,
              46.86667513955384
            ],
            [
              -113.99691800262896,
              46.86667407571284
            ],
            [
              -113.99691878486496,
              46.86667306616384
            ],
            [
              -113.99691965323696,
              46.86667212623084
            ],
            [
              -113.99692061105196,
              46.86667127234884
            ],
            [
              -113.99692166572297,
              46.86667052092584
            ],
            [
              -113.99692281952896,
              46.86666988840284
            ],
            [
              -113.99692407986797,
              46.866669390091836
            ],
            [
              -113.99692545002897,
              46.86666904132884
            ],
            [
              -113.99692693538796,
              46.86666885963384
            ],
            [
              -113.99692854128796,
              46.866668860331835
            ],
            [
              -113.99693027207796,
              46.86666906094584
            ],
            [
              -113.99693213307096,
              46.86666947460684
            ],
            [
              -113.99694029543797,
              46.86667157953584
            ],
            [
              -113.99697290600696,
              46.86661234792784
            ]
          ]
        ]
      },
      "properties": {
        "svgPathIndex": 1,
        "elementId": null,
        "category": "surface",
        "fill": "#91908B",
        "strokeWidth": null,
        "__gm_id": "feature-1069",
        "__gm_shape": "polygon",
        "partIndex": 2,
        "sourceGeometryType": "MultiPolygon",
        "fillColor": "#91908b",
        "outlineColor": "#cccccc",
        "outlineEnabled": false,
        "level": "a1",
        "visibility": false
      },
      "id": "feature-1069-part-2"
    },
    {
      "type": "Feature",
      "geometry": {
        "type": "Polygon",
        "coordinates": [
          [
            [
              -113.99586699204396,
              46.866265560317835
            ],
            [
              -113.99586792848696,
              46.86633289408984
            ],
            [
              -113.99586796578596,
              46.86633483821384
            ],
            [
              -113.99586802489796,
              46.86633665380184
            ],
            [
              -113.99586811098496,
              46.866338343009836
            ],
            [
              -113.99586822712297,
              46.86633990581784
            ],
            [
              -113.99586837950096,
              46.86634134437584
            ],
            [
              -113.99586857324697,
              46.86634265864784
            ],
            [
              -113.99586881146996,
              46.866343850806835
            ],
            [
              -113.99586910034296,
              46.86634492190484
            ],
            [
              -113.99586944396796,
              46.866345871913836
            ],
            [
              -113.99586984648197,
              46.866346702999834
            ],
            [
              -113.99587031403897,
              46.866347415117836
            ],
            [
              -113.99587084974796,
              46.86634801044084
            ],
            [
              -113.99587109818796,
              46.866348240208836
            ],
            [
              -113.99587138357997,
              46.866348470811836
            ],
            [
              -113.99587170698196,
              46.86634870443784
            ],
            [
              -113.99587206837596,
              46.86634893998884
            ],
            [
              -113.99587246676896,
              46.866349179667836
            ],
            [
              -113.99587290320096,
              46.86634942456284
            ],
            [
              -113.99587337666097,
              46.86634967577984
            ],
            [
              -113.99587388920297,
              46.86634993330384
            ],
            [
              -113.99587443881796,
              46.86635020043984
            ],
            [
              -113.99587502651896,
              46.866350476085834
            ],
            [
              -113.99587565130896,
              46.86635076244084
            ],
            [
              -113.99587631422996,
              46.86635106059684
            ],
            [
              -113.99587942204096,
              46.86635214355284
            ],
            [
              -113.99588218160596,
              46.866352829562835
            ],
            [
              -113.99588462406996,
              46.866353144741836
            ],
            [
              -113.99588678466897,
              46.86635311407884
            ],
            [
              -113.99588869660397,
              46.86635276367184
            ],
            [
              -113.99589039204596,
              46.866352119628836
            ],
            [
              -113.99589190518996,
              46.866351205847835
            ],
            [
              -113.99589326923497,
              46.86635004842784
            ],
            [
              -113.99589451633996,
              46.866348672379836
            ],
            [
              -113.99589568177096,
              46.86634710488484
            ],
            [
              -113.99589679664297,
              46.866345369863836
            ],
            [
              -113.99589789620896,
              46.86634349340084
            ],
            [
              -113.99591464273196,
              46.86631310290784
            ],
            [
              -113.99688729706097,
              46.86656445665584
            ],
            [
              -113.99686746565597,
              46.86660042986584
            ],
            [
              -113.99686394219896,
              46.86660694193284
            ],
            [
              -113.99686542073496,
              46.86660722882484
            ],
            [
              -113.99686690104096,
              46.86660734781984
            ],
            [
              -113.99686836584097,
              46.866607311111835
            ],
            [
              -113.99686980090996,
              46.86660712867584
            ],
            [
              -113.99687119103896,
              46.86660681378684
            ],
            [
              -113.99687251895396,
              46.866606378638835
            ],
            [
              -113.99687376941696,
              46.86660583431084
            ],
            [
              -113.99687492823097,
              46.866605192973836
            ],
            [
              -113.99687597914897,
              46.86660446681284
            ],
            [
              -113.99687690694596,
              46.86660366800684
            ],
            [
              -113.99687769536096,
              46.866602807642835
            ],
            [
              -113.99687833017997,
              46.86660189679484
            ],
            [
              -113.99689686205197,
              46.866569948833835
            ],
            [
              -113.99689791247197,
              46.86656815392584
            ],
            [
              -113.99689883211296,
              46.86656662109684
            ],
            [
              -113.99689957950896,
              46.866565319915836
            ],
            [
              -113.99690011211796,
              46.86656421666884
            ],
            [
              -113.99690039049396,
              46.86656327871784
            ],
            [
              -113.99690037312196,
              46.86656247233984
            ],
            [
              -113.99690001746296,
              46.866561763821835
            ],
            [
              -113.99689928307396,
              46.86656112272484
            ],
            [
              -113.99689812842597,
              46.86656051423084
            ],
            [
              -113.99689651303096,
              46.86655990460984
            ],
            [
              -113.99689439542097,
              46.866559263433835
            ],
            [
              -113.99689173406496,
              46.86655855588184
            ],
            [
              -113.99683958152296,
              46.866544715450836
            ],
            [
              -113.99688722627896,
              46.866461900884836
            ],
            [
              -113.99693665946697,
              46.866475142826836
            ],
            [
              -113.99693960402496,
              46.86647577595384
            ],
            [
              -113.99694231356496,
              46.86647603766884
            ],
            [
              -113.99694478229696,
              46.86647595434784
            ],
            [
              -113.99694700645196,
              46.86647555015884
            ],
            [
              -113.99694898229296,
              46.86647485146184
            ],
            [
              -113.99695070505597,
              46.86647388462584
            ],
            [
              -113.99695216997597,
              46.86647267601984
            ],
            [
              -113.99695337327097,
              46.86647124871184
            ],
            [
              -113.99695431020596,
              46.86646963126684
            ],
            [
              -113.99695497598796,
              46.86646784785784
            ],
            [
              -113.99695536689296,
              46.86646592594284
            ],
            [
              -113.99695547915296,
              46.86646388968984
            ],
            [
              -113.99695418616896,
              46.86637091947784
            ],
            [
              -113.99695417815396,
              46.86636982663984
            ],
            [
              -113.99695417093497,
              46.86636871733684
            ],
            [
              -113.99695414717796,
              46.866367599372836
            ],
            [
              -113.99695409159897,
              46.86636648053584
            ],
            [
              -113.99695398485596,
              46.86636537193784
            ],
            [
              -113.99695381164896,
              46.866364280269835
            ],
            [
              -113.99695355364896,
              46.866363215536836
            ],
            [
              -113.99695319454496,
              46.86636218553584
            ],
            [
              -113.99695271701796,
              46.86636119916784
            ],
            [
              -113.99695210374496,
              46.86636026533284
            ],
            [
              -113.99695133740796,
              46.866359392932836
            ],
            [
              -113.99695040066996,
              46.86635858977084
            ],
            [
              -113.99694810677596,
              46.86635715211484
            ],
            [
              -113.99694580902997,
              46.866356175345835
            ],
            [
              -113.99694353256497,
              46.86635562197684
            ],
            [
              -113.99694130349197,
              46.866355451225836
            ],
            [
              -113.99693914894897,
              46.86635562229884
            ],
            [
              -113.99693709302797,
              46.86635609662084
            ],
            [
              -113.99693516390796,
              46.86635683449084
            ],
            [
              -113.99693338769997,
              46.86635779512284
            ],
            [
              -113.99693178848096,
              46.866358938845835
            ],
            [
              -113.99693039442896,
              46.86636022595784
            ],
            [
              -113.99692923064596,
              46.86636161677784
            ],
            [
              -113.99692832324396,
              46.866363070521835
            ],
            [
              -113.99691026002097,
              46.86639625192484
            ],
            [
              -113.99645317992596,
              46.866278089822835
            ],
            [
              -113.99646992214497,
              46.86624738988884
            ],
            [
              -113.99647096398996,
              46.86624527352584
            ],
            [
              -113.99647165347297,
              46.86624327597084
            ],
            [
              -113.99647197844897,
              46.86624140937884
            ],
            [
              -113.99647192371197,
              46.86623968702684
            ],
            [
              -113.99647147610496,
              46.866238122174835
            ],
            [
              -113.99647062143296,
              46.866236726991836
            ],
            [
              -113.99646934552996,
              46.86623551584584
            ],
            [
              -113.99646763418296,
              46.86623449980784
            ],
            [
              -113.99646547529497,
              46.86623369432684
            ],
            [
              -113.99646285258497,
              46.86623310939284
            ],
            [
              -113.99645975292997,
              46.866232760462836
            ],
            [
              -113.99645616315796,
              46.866232659697836
            ],
            [
              -113.99613540038396,
              46.86623493136984
            ],
            [
              -113.99613189110497,
              46.86623508460584
            ],
            [
              -113.99612899865396,
              46.86623546829184
            ],
            [
              -113.99612666197996,
              46.86623604555384
            ],
            [
              -113.99612481694797,
              46.866236779537836
            ],
            [
              -113.99612340046696,
              46.86623763448084
            ],
            [
              -113.99612234843596,
              46.86623857572184
            ],
            [
              -113.99612159877496,
              46.86623956639484
            ],
            [
              -113.99612108734996,
              46.86624056964484
            ],
            [
              -113.99612075211097,
              46.86624155079884
            ],
            [
              -113.99612052892796,
              46.866242473002835
            ],
            [
              -113.99612035368096,
              46.86624330049984
            ],
            [
              -113.99612016533196,
              46.86624399751384
            ],
            [
              -113.99612002387896,
              46.86624518907184
            ],
            [
              -113.99612021982597,
              46.866246292650835
            ],
            [
              -113.99612071214496,
              46.86624730964084
            ],
            [
              -113.99612146189496,
              46.86624824360884
            ],
            [
              -113.99612243118696,
              46.86624910030784
            ],
            [
              -113.99612357899596,
              46.866249881127835
            ],
            [
              -113.99612486740496,
              46.86625058962884
            ],
            [
              -113.99612625645996,
              46.866251230481836
            ],
            [
              -113.99612770720296,
              46.866251806158836
            ],
            [
              -113.99612918070497,
              46.866252321323834
            ],
            [
              -113.99613063799197,
              46.866252777349835
            ],
            [
              -113.99613204015296,
              46.866253179998836
            ],
            [
              -113.99622726503496,
              46.86627783645684
            ],
            [
              -113.99622941525696,
              46.86627831390984
            ],
            [
              -113.99623154657196,
              46.86627868615784
            ],
            [
              -113.99623364133896,
              46.86627893905984
            ],
            [
              -113.99623568292697,
              46.866279057372836
            ],
            [
              -113.99623765368096,
              46.86627902585984
            ],
            [
              -113.99623953493396,
              46.86627883038684
            ],
            [
              -113.99624131106596,
              46.866278454606835
            ],
            [
              -113.99624296240097,
              46.86627788549084
            ],
            [
              -113.99624447432896,
              46.86627710558584
            ],
            [
              -113.99624582718697,
              46.86627610296084
            ],
            [
              -113.99624700329096,
              46.86627486018484
            ],
            [
              -113.99624798706496,
              46.866273364200836
            ],
            [
              -113.99626694135397,
              46.866239251397836
            ],
            [
              -113.99690494588596,
              46.86640401223984
            ],
            [
              -113.99682915229496,
              46.86654200989984
            ],
            [
              -113.99588869389797,
              46.86629907683584
            ],
            [
              -113.99590323796696,
              46.866272716884836
            ],
            [
              -113.99590475155097,
              46.866270063900835
            ],
            [
              -113.99590615894996,
              46.86626767062884
            ],
            [
              -113.99590738803896,
              46.86626551563284
            ],
            [
              -113.99590836561796,
              46.86626357419384
            ],
            [
              -113.99590901954497,
              46.86626182377984
            ],
            [
              -113.99590927663596,
              46.86626024076984
            ],
            [
              -113.99590906579097,
              46.86625880372084
            ],
            [
              -113.99590831380897,
              46.866257487913835
            ],
            [
              -113.99590694854996,
              46.86625627081684
            ],
            [
              -113.99590489682896,
              46.866255128807836
            ],
            [
              -113.99590208651996,
              46.866254040451835
            ],
            [
              -113.99589844544896,
              46.86625298102184
            ],
            [
              -113.99589267583896,
              46.86625145386084
            ],
            [
              -113.99588759267296,
              46.86625021920184
            ],
            [
              -113.99588315974596,
              46.86624932997384
            ],
            [
              -113.99587934391496,
              46.86624883798084
            ],
            [
              -113.99587611205597,
              46.86624879612984
            ],
            [
              -113.99587343002896,
              46.866249258427835
            ],
            [
              -113.99587126366796,
              46.86625027668984
            ],
            [
              -113.99586958087197,
              46.86625190381284
            ],
            [
              -113.99586834545197,
              46.866254193820836
            ],
            [
              -113.99586752424996,
              46.86625719742284
            ],
            [
              -113.99586708518297,
              46.866260968612835
            ],
            [
              -113.99586699204396,
              46.866265560317835
            ]
          ]
        ]
      },
      "properties": {
        "svgPathIndex": 1,
        "elementId": null,
        "category": "surface",
        "fill": "#91908B",
        "stroke": "none",
        "strokeWidth": null,
        "__gm_id": "feature-1069",
        "__gm_shape": "polygon",
        "partIndex": 1,
        "sourceGeometryType": "MultiPolygon",
        "fillColor": "#cccccc",
        "outlineColor": "#cccccc",
        "outlineEnabled": false,
        "level": "a1"
      },
      "id": "feature-1069-part-1"
    },
    {
      "type": "Feature",
      "geometry": {
        "type": "LineString",
        "coordinates": [
          [
            -113.99609527770396,
            46.86646874505484
          ],
          [
            -113.99607192181597,
            46.86651123041484
          ]
        ]
      },
      "properties": {
        "svgPathIndex": 5,
        "elementId": null,
        "category": "parking_marking",
        "fill": "none",
        "stroke": "#CCCCCC",
        "strokeWidth": 0.4,
        "__gm_id": "feature-1077",
        "__gm_shape": "line",
        "fillColor": "#8f623f",
        "outlineColor": "#cccccc",
        "level": "a1"
      },
      "id": "feature-1077"
    },
    {
      "type": "Feature",
      "geometry": {
        "type": "LineString",
        "coordinates": [
          [
            -113.99612565822797,
            46.866476562001836
          ],
          [
            -113.99610230233897,
            46.86651904735584
          ]
        ]
      },
      "properties": {
        "svgPathIndex": 6,
        "elementId": null,
        "category": "parking_marking",
        "fill": "none",
        "stroke": "#CCCCCC",
        "strokeWidth": 0.4,
        "__gm_id": "feature-1079",
        "__gm_shape": "line",
        "fillColor": "#8f623f",
        "outlineColor": "#cccccc",
        "level": "a1"
      },
      "id": "feature-1079"
    },
    {
      "type": "Feature",
      "geometry": {
        "type": "LineString",
        "coordinates": [
          [
            -113.99615603873596,
            46.86648437784984
          ],
          [
            -113.99613268387397,
            46.86652686318984
          ]
        ]
      },
      "properties": {
        "svgPathIndex": 7,
        "elementId": null,
        "category": "parking_marking",
        "fill": "none",
        "stroke": "#CCCCCC",
        "strokeWidth": 0.4,
        "__gm_id": "feature-1081",
        "__gm_shape": "line",
        "fillColor": "#8f623f",
        "outlineColor": "#cccccc",
        "level": "a1"
      },
      "id": "feature-1081"
    },
    {
      "type": "Feature",
      "geometry": {
        "type": "LineString",
        "coordinates": [
          [
            -113.99618642028597,
            46.866492194785835
          ],
          [
            -113.99616261294496,
            46.866534683324836
          ]
        ]
      },
      "properties": {
        "svgPathIndex": 8,
        "elementId": null,
        "category": "parking_marking",
        "fill": "none",
        "stroke": "#CCCCCC",
        "strokeWidth": 0.4,
        "__gm_id": "feature-1083",
        "__gm_shape": "line",
        "fillColor": "#8f623f",
        "outlineColor": "#cccccc",
        "level": "a1"
      },
      "id": "feature-1083"
    },
    {
      "type": "Feature",
      "geometry": {
        "type": "LineString",
        "coordinates": [
          [
            -113.99621680079396,
            46.86650001063184
          ],
          [
            -113.99619299345296,
            46.86654249916484
          ]
        ]
      },
      "properties": {
        "svgPathIndex": 9,
        "elementId": null,
        "category": "parking_marking",
        "fill": "none",
        "stroke": "#CCCCCC",
        "strokeWidth": 0.4,
        "__gm_id": "feature-1085",
        "__gm_shape": "line",
        "fillColor": "#8f623f",
        "outlineColor": "#cccccc",
        "level": "a1"
      },
      "id": "feature-1085"
    },
    {
      "type": "Feature",
      "geometry": {
        "type": "LineString",
        "coordinates": [
          [
            -113.99624672986596,
            46.866507830770836
          ],
          [
            -113.99622337396197,
            46.86655031500284
          ]
        ]
      },
      "properties": {
        "svgPathIndex": 10,
        "elementId": null,
        "category": "parking_marking",
        "fill": "none",
        "stroke": "#CCCCCC",
        "strokeWidth": 0.4,
        "__gm_id": "feature-1087",
        "__gm_shape": "line",
        "fillColor": "#8f623f",
        "outlineColor": "#cccccc",
        "level": "a1"
      },
      "id": "feature-1087"
    },
    {
      "type": "Feature",
      "geometry": {
        "type": "LineString",
        "coordinates": [
          [
            -113.99627711037397,
            46.86651564661384
          ],
          [
            -113.99625375448497,
            46.86655813193684
          ]
        ]
      },
      "properties": {
        "svgPathIndex": 11,
        "elementId": null,
        "category": "parking_marking",
        "fill": "none",
        "stroke": "#CCCCCC",
        "strokeWidth": 0.4,
        "__gm_id": "feature-1089",
        "__gm_shape": "line",
        "fillColor": "#8f623f",
        "outlineColor": "#cccccc",
        "level": "a1"
      },
      "id": "feature-1089"
    },
    {
      "type": "Feature",
      "geometry": {
        "type": "LineString",
        "coordinates": [
          [
            -113.99630749088196,
            46.86652346245684
          ],
          [
            -113.99628414032196,
            46.866566257168834
          ]
        ]
      },
      "properties": {
        "svgPathIndex": 12,
        "elementId": null,
        "category": "parking_marking",
        "fill": "none",
        "stroke": "#CCCCCC",
        "strokeWidth": 0.4,
        "__gm_id": "feature-1091",
        "__gm_shape": "line",
        "fillColor": "#8f623f",
        "outlineColor": "#cccccc",
        "level": "a1"
      },
      "id": "feature-1091"
    },
    {
      "type": "Feature",
      "geometry": {
        "type": "LineString",
        "coordinates": [
          [
            -113.99633787243096,
            46.866531279387836
          ],
          [
            -113.99631452083096,
            46.86657407300384
          ]
        ]
      },
      "properties": {
        "svgPathIndex": 13,
        "elementId": null,
        "category": "parking_marking",
        "fill": "none",
        "stroke": "#CCCCCC",
        "strokeWidth": 0.4,
        "__gm_id": "feature-1093",
        "__gm_shape": "line",
        "fillColor": "#8f623f",
        "outlineColor": "#cccccc",
        "level": "a1"
      },
      "id": "feature-1093"
    },
    {
      "type": "Feature",
      "geometry": {
        "type": "LineString",
        "coordinates": [
          [
            -113.99636825293996,
            46.866539095227836
          ],
          [
            -113.99634490135396,
            46.866581889934835
          ]
        ]
      },
      "properties": {
        "svgPathIndex": 14,
        "elementId": null,
        "category": "parking_marking",
        "fill": "none",
        "stroke": "#CCCCCC",
        "strokeWidth": 0.4,
        "__gm_id": "feature-1095",
        "__gm_shape": "line",
        "fillColor": "#8f623f",
        "outlineColor": "#cccccc",
        "level": "a1"
      },
      "id": "feature-1095"
    },
    {
      "type": "Feature",
      "geometry": {
        "type": "LineString",
        "coordinates": [
          [
            -113.99639863346296,
            46.86654691216384
          ],
          [
            -113.99637528186196,
            46.866589705766835
          ]
        ]
      },
      "properties": {
        "svgPathIndex": 15,
        "elementId": null,
        "category": "parking_marking",
        "fill": "none",
        "stroke": "#CCCCCC",
        "strokeWidth": 0.4,
        "__gm_id": "feature-1097",
        "__gm_shape": "line",
        "fillColor": "#8f623f",
        "outlineColor": "#cccccc",
        "level": "a1"
      },
      "id": "feature-1097"
    },
    {
      "type": "Feature",
      "geometry": {
        "type": "LineString",
        "coordinates": [
          [
            -113.99642901930096,
            46.866555037396836
          ],
          [
            -113.99640566339696,
            46.86659752159084
          ]
        ]
      },
      "properties": {
        "svgPathIndex": 16,
        "elementId": null,
        "category": "parking_marking",
        "fill": "none",
        "stroke": "#CCCCCC",
        "strokeWidth": 0.4,
        "__gm_id": "feature-1099",
        "__gm_shape": "line",
        "fillColor": "#8f623f",
        "outlineColor": "#cccccc",
        "level": "a1"
      },
      "id": "feature-1099"
    },
    {
      "type": "Feature",
      "geometry": {
        "type": "LineString",
        "coordinates": [
          [
            -113.99645939980897,
            46.866562853232836
          ],
          [
            -113.99643604391996,
            46.86660533851884
          ]
        ]
      },
      "properties": {
        "svgPathIndex": 17,
        "elementId": null,
        "category": "parking_marking",
        "fill": "none",
        "stroke": "#CCCCCC",
        "strokeWidth": 0.4,
        "__gm_id": "feature-1101",
        "__gm_shape": "line",
        "fillColor": "#8f623f",
        "outlineColor": "#cccccc",
        "level": "a1"
      },
      "id": "feature-1101"
    },
    {
      "type": "Feature",
      "geometry": {
        "type": "LineString",
        "coordinates": [
          [
            -113.99648978033197,
            46.866570670165835
          ],
          [
            -113.99646597297597,
            46.86661315754484
          ]
        ]
      },
      "properties": {
        "svgPathIndex": 18,
        "elementId": null,
        "category": "parking_marking",
        "fill": "none",
        "stroke": "#CCCCCC",
        "strokeWidth": 0.4,
        "__gm_id": "feature-1103",
        "__gm_shape": "line",
        "fillColor": "#8f623f",
        "outlineColor": "#cccccc",
        "level": "a1"
      },
      "id": "feature-1103"
    },
    {
      "type": "Feature",
      "geometry": {
        "type": "LineString",
        "coordinates": [
          [
            -113.99652016083996,
            46.86657848599984
          ],
          [
            -113.99649635349996,
            46.86662097447084
          ]
        ]
      },
      "properties": {
        "svgPathIndex": 19,
        "elementId": null,
        "category": "parking_marking",
        "fill": "none",
        "stroke": "#CCCCCC",
        "strokeWidth": 0.4,
        "__gm_id": "feature-1105",
        "__gm_shape": "line",
        "fillColor": "#8f623f",
        "outlineColor": "#cccccc",
        "level": "a1"
      },
      "id": "feature-1105"
    },
    {
      "type": "Feature",
      "geometry": {
        "type": "LineString",
        "coordinates": [
          [
            -113.99655008989696,
            46.86658630502984
          ],
          [
            -113.99652673400796,
            46.86662879029784
          ]
        ]
      },
      "properties": {
        "svgPathIndex": 20,
        "elementId": null,
        "category": "parking_marking",
        "fill": "none",
        "stroke": "#CCCCCC",
        "strokeWidth": 0.4,
        "__gm_id": "feature-1107",
        "__gm_shape": "line",
        "fillColor": "#8f623f",
        "outlineColor": "#cccccc",
        "level": "a1"
      },
      "id": "feature-1107"
    },
    {
      "type": "Feature",
      "geometry": {
        "type": "LineString",
        "coordinates": [
          [
            -113.99658047144597,
            46.866594121951834
          ],
          [
            -113.99655711555796,
            46.86663660721284
          ]
        ]
      },
      "properties": {
        "svgPathIndex": 21,
        "elementId": null,
        "category": "parking_marking",
        "fill": "none",
        "stroke": "#CCCCCC",
        "strokeWidth": 0.4,
        "__gm_id": "feature-1109",
        "__gm_shape": "line",
        "fillColor": "#8f623f",
        "outlineColor": "#cccccc",
        "level": "a1"
      },
      "id": "feature-1109"
    },
    {
      "type": "Feature",
      "geometry": {
        "type": "LineString",
        "coordinates": [
          [
            -113.99661085195497,
            46.86660193778284
          ],
          [
            -113.99658749606596,
            46.86664442303784
          ]
        ]
      },
      "properties": {
        "svgPathIndex": 22,
        "elementId": null,
        "category": "parking_marking",
        "fill": "none",
        "stroke": "#CCCCCC",
        "strokeWidth": 0.4,
        "__gm_id": "feature-1111",
        "__gm_shape": "line",
        "fillColor": "#8f623f",
        "outlineColor": "#cccccc",
        "level": "a1"
      },
      "id": "feature-1111"
    },
    {
      "type": "Feature",
      "geometry": {
        "type": "LineString",
        "coordinates": [
          [
            -113.99664123247797,
            46.866609754709835
          ],
          [
            -113.99661787657396,
            46.86665223886084
          ]
        ]
      },
      "properties": {
        "svgPathIndex": 23,
        "elementId": null,
        "category": "parking_marking",
        "fill": "none",
        "stroke": "#CCCCCC",
        "strokeWidth": 0.4,
        "__gm_id": "feature-1113",
        "__gm_shape": "line",
        "fillColor": "#8f623f",
        "outlineColor": "#cccccc",
        "level": "a1"
      },
      "id": "feature-1113"
    },
    {
      "type": "Feature",
      "geometry": {
        "type": "LineString",
        "coordinates": [
          [
            -113.99667161298596,
            46.866617570538835
          ],
          [
            -113.99664825812397,
            46.866660055773835
          ]
        ]
      },
      "properties": {
        "svgPathIndex": 24,
        "elementId": null,
        "category": "parking_marking",
        "fill": "none",
        "stroke": "#CCCCCC",
        "strokeWidth": 0.4,
        "__gm_id": "feature-1115",
        "__gm_shape": "line",
        "fillColor": "#8f623f",
        "outlineColor": "#cccccc",
        "level": "a1"
      },
      "id": "feature-1115"
    },
    {
      "type": "Feature",
      "geometry": {
        "type": "LineString",
        "coordinates": [
          [
            -113.99670199453597,
            46.86662538745584
          ],
          [
            -113.99667864293497,
            46.86666818099684
          ]
        ]
      },
      "properties": {
        "svgPathIndex": 25,
        "elementId": null,
        "category": "parking_marking",
        "fill": "none",
        "stroke": "#CCCCCC",
        "strokeWidth": 0.4,
        "__gm_id": "feature-1117",
        "__gm_shape": "line",
        "fillColor": "#8f623f",
        "outlineColor": "#cccccc",
        "level": "a1"
      },
      "id": "feature-1117"
    },
    {
      "type": "Feature",
      "geometry": {
        "type": "LineString",
        "coordinates": [
          [
            -113.99673237504396,
            46.866633203281836
          ],
          [
            -113.99670902344296,
            46.86667599681684
          ]
        ]
      },
      "properties": {
        "svgPathIndex": 26,
        "elementId": null,
        "category": "parking_marking",
        "fill": "none",
        "stroke": "#CCCCCC",
        "strokeWidth": 0.4,
        "__gm_id": "feature-1119",
        "__gm_shape": "line",
        "fillColor": "#8f623f",
        "outlineColor": "#cccccc",
        "level": "a1"
      },
      "id": "feature-1119"
    },
    {
      "type": "Feature",
      "geometry": {
        "type": "LineString",
        "coordinates": [
          [
            -113.99676275555197,
            46.86664101910684
          ],
          [
            -113.99673940396697,
            46.86668381373284
          ]
        ]
      },
      "properties": {
        "svgPathIndex": 27,
        "elementId": null,
        "category": "parking_marking",
        "fill": "none",
        "stroke": "#CCCCCC",
        "strokeWidth": 0.4,
        "__gm_id": "feature-1121",
        "__gm_shape": "line",
        "fillColor": "#8f623f",
        "outlineColor": "#cccccc",
        "level": "a1"
      },
      "id": "feature-1121"
    },
    {
      "type": "Feature",
      "geometry": {
        "type": "LineString",
        "coordinates": [
          [
            -113.99679313607596,
            46.86664883602884
          ],
          [
            -113.99676978550096,
            46.86669162954384
          ]
        ]
      },
      "properties": {
        "svgPathIndex": 28,
        "elementId": null,
        "category": "parking_marking",
        "fill": "none",
        "stroke": "#CCCCCC",
        "strokeWidth": 0.4,
        "__gm_id": "feature-1123",
        "__gm_shape": "line",
        "fillColor": "#8f623f",
        "outlineColor": "#cccccc",
        "level": "a1"
      },
      "id": "feature-1123"
    },
    {
      "type": "Feature",
      "geometry": {
        "type": "LineString",
        "coordinates": [
          [
            -113.99682351760997,
            46.86665665184384
          ],
          [
            -113.99679971457296,
            46.86669944965484
          ]
        ]
      },
      "properties": {
        "svgPathIndex": 29,
        "elementId": null,
        "category": "parking_marking",
        "fill": "none",
        "stroke": "#CCCCCC",
        "strokeWidth": 0.4,
        "__gm_id": "feature-1125",
        "__gm_shape": "line",
        "fillColor": "#8f623f",
        "outlineColor": "#cccccc",
        "level": "a1"
      },
      "id": "feature-1125"
    },
    {
      "type": "Feature",
      "geometry": {
        "type": "LineString",
        "coordinates": [
          [
            -113.99685345096896,
            46.86666478026484
          ],
          [
            -113.99683009508097,
            46.866707265469834
          ]
        ]
      },
      "properties": {
        "svgPathIndex": 30,
        "elementId": null,
        "category": "parking_marking",
        "fill": "none",
        "stroke": "#CCCCCC",
        "strokeWidth": 0.4,
        "__gm_id": "feature-1127",
        "__gm_shape": "line",
        "fillColor": "#8f623f",
        "outlineColor": "#cccccc",
        "level": "a1"
      },
      "id": "feature-1127"
    },
    {
      "type": "Feature",
      "geometry": {
        "type": "LineString",
        "coordinates": [
          [
            -113.99688383149297,
            46.86667259718284
          ],
          [
            -113.99686047558896,
            46.866715081283836
          ]
        ]
      },
      "properties": {
        "svgPathIndex": 31,
        "elementId": null,
        "category": "parking_marking",
        "fill": "none",
        "stroke": "#CCCCCC",
        "strokeWidth": 0.4,
        "__gm_id": "feature-1129",
        "__gm_shape": "line",
        "fillColor": "#8f623f",
        "outlineColor": "#cccccc",
        "level": "a1"
      },
      "id": "feature-1129"
    },
    {
      "type": "Feature",
      "geometry": {
        "type": "LineString",
        "coordinates": [
          [
            -113.99594502426596,
            46.86632091877184
          ],
          [
            -113.99592166837697,
            46.86636340424984
          ]
        ]
      },
      "properties": {
        "svgPathIndex": 32,
        "elementId": null,
        "category": "parking_marking",
        "fill": "none",
        "stroke": "#CCCCCC",
        "strokeWidth": 0.4,
        "__gm_id": "feature-1131",
        "__gm_shape": "line",
        "fillColor": "#8f623f",
        "outlineColor": "#cccccc",
        "level": "a1"
      },
      "id": "feature-1131"
    },
    {
      "type": "Feature",
      "geometry": {
        "type": "LineString",
        "coordinates": [
          [
            -113.99597540478896,
            46.866328735739835
          ],
          [
            -113.99595205318896,
            46.866371529517835
          ]
        ]
      },
      "properties": {
        "svgPathIndex": 33,
        "elementId": null,
        "category": "parking_marking",
        "fill": "none",
        "stroke": "#CCCCCC",
        "strokeWidth": 0.4,
        "__gm_id": "feature-1133",
        "__gm_shape": "line",
        "fillColor": "#8f623f",
        "outlineColor": "#cccccc",
        "level": "a1"
      },
      "id": "feature-1133"
    },
    {
      "type": "Feature",
      "geometry": {
        "type": "LineString",
        "coordinates": [
          [
            -113.99600578529797,
            46.86633655160984
          ],
          [
            -113.99598243369697,
            46.866379345380835
          ]
        ]
      },
      "properties": {
        "svgPathIndex": 34,
        "elementId": null,
        "category": "parking_marking",
        "fill": "none",
        "stroke": "#CCCCCC",
        "strokeWidth": 0.4,
        "__gm_id": "feature-1135",
        "__gm_shape": "line",
        "fillColor": "#8f623f",
        "outlineColor": "#cccccc",
        "level": "a1"
      },
      "id": "feature-1135"
    },
    {
      "type": "Feature",
      "geometry": {
        "type": "LineString",
        "coordinates": [
          [
            -113.99603616684696,
            46.86634436856784
          ],
          [
            -113.99601281524596,
            46.866387162332835
          ]
        ]
      },
      "properties": {
        "svgPathIndex": 35,
        "elementId": null,
        "category": "parking_marking",
        "fill": "none",
        "stroke": "#CCCCCC",
        "strokeWidth": 0.4,
        "__gm_id": "feature-1137",
        "__gm_shape": "line",
        "fillColor": "#8f623f",
        "outlineColor": "#cccccc",
        "level": "a1"
      },
      "id": "feature-1137"
    },
    {
      "type": "Feature",
      "geometry": {
        "type": "LineString",
        "coordinates": [
          [
            -113.99606654735496,
            46.86635218443484
          ],
          [
            -113.99604319575496,
            46.86639497819384
          ]
        ]
      },
      "properties": {
        "svgPathIndex": 36,
        "elementId": null,
        "category": "parking_marking",
        "fill": "none",
        "stroke": "#CCCCCC",
        "strokeWidth": 0.4,
        "__gm_id": "feature-1139",
        "__gm_shape": "line",
        "fillColor": "#8f623f",
        "outlineColor": "#cccccc",
        "level": "a1"
      },
      "id": "feature-1139"
    },
    {
      "type": "Feature",
      "geometry": {
        "type": "LineString",
        "coordinates": [
          [
            -113.99609692786396,
            46.86636000030084
          ],
          [
            -113.99607312482597,
            46.866402798347835
          ]
        ]
      },
      "properties": {
        "svgPathIndex": 37,
        "elementId": null,
        "category": "parking_marking",
        "fill": "none",
        "stroke": "#CCCCCC",
        "strokeWidth": 0.4,
        "__gm_id": "feature-1141",
        "__gm_shape": "line",
        "fillColor": "#8f623f",
        "outlineColor": "#cccccc",
        "level": "a1"
      },
      "id": "feature-1141"
    },
    {
      "type": "Feature",
      "geometry": {
        "type": "LineString",
        "coordinates": [
          [
            -113.99612731267496,
            46.866368125569835
          ],
          [
            -113.99610350533396,
            46.866410614206835
          ]
        ]
      },
      "properties": {
        "svgPathIndex": 38,
        "elementId": null,
        "category": "parking_marking",
        "fill": "none",
        "stroke": "#CCCCCC",
        "strokeWidth": 0.4,
        "__gm_id": "feature-1143",
        "__gm_shape": "line",
        "fillColor": "#8f623f",
        "outlineColor": "#cccccc",
        "level": "a1"
      },
      "id": "feature-1143"
    },
    {
      "type": "Feature",
      "geometry": {
        "type": "LineString",
        "coordinates": [
          [
            -113.99615724174596,
            46.86637594572784
          ],
          [
            -113.99613388585796,
            46.86641843116184
          ]
        ]
      },
      "properties": {
        "svgPathIndex": 39,
        "elementId": null,
        "category": "parking_marking",
        "fill": "none",
        "stroke": "#CCCCCC",
        "strokeWidth": 0.4,
        "__gm_id": "feature-1145",
        "__gm_shape": "line",
        "fillColor": "#8f623f",
        "outlineColor": "#cccccc",
        "level": "a1"
      },
      "id": "feature-1145"
    },
    {
      "type": "Feature",
      "geometry": {
        "type": "LineString",
        "coordinates": [
          [
            -113.99618762328096,
            46.86638376158284
          ],
          [
            -113.99616426739196,
            46.866426247010835
          ]
        ]
      },
      "properties": {
        "svgPathIndex": 40,
        "elementId": null,
        "category": "parking_marking",
        "fill": "none",
        "stroke": "#CCCCCC",
        "strokeWidth": 0.4,
        "__gm_id": "feature-1147",
        "__gm_shape": "line",
        "fillColor": "#8f623f",
        "outlineColor": "#cccccc",
        "level": "a1"
      },
      "id": "feature-1147"
    },
    {
      "type": "Feature",
      "geometry": {
        "type": "LineString",
        "coordinates": [
          [
            -113.99621800380396,
            46.86639157854184
          ],
          [
            -113.99619464789997,
            46.866434062865835
          ]
        ]
      },
      "properties": {
        "svgPathIndex": 41,
        "elementId": null,
        "category": "parking_marking",
        "fill": "none",
        "stroke": "#CCCCCC",
        "strokeWidth": 0.4,
        "__gm_id": "feature-1149",
        "__gm_shape": "line",
        "fillColor": "#8f623f",
        "outlineColor": "#cccccc",
        "level": "a1"
      },
      "id": "feature-1149"
    },
    {
      "type": "Feature",
      "geometry": {
        "type": "LineString",
        "coordinates": [
          [
            -113.99624838431197,
            46.86639939440184
          ],
          [
            -113.99622502842396,
            46.86644187981684
          ]
        ]
      },
      "properties": {
        "svgPathIndex": 42,
        "elementId": null,
        "category": "parking_marking",
        "fill": "none",
        "stroke": "#CCCCCC",
        "strokeWidth": 0.4,
        "__gm_id": "feature-1151",
        "__gm_shape": "line",
        "fillColor": "#8f623f",
        "outlineColor": "#cccccc",
        "level": "a1"
      },
      "id": "feature-1151"
    },
    {
      "type": "Feature",
      "geometry": {
        "type": "LineString",
        "coordinates": [
          [
            -113.99627876483596,
            46.86640721135884
          ],
          [
            -113.99625540995797,
            46.86644969566284
          ]
        ]
      },
      "properties": {
        "svgPathIndex": 43,
        "elementId": null,
        "category": "parking_marking",
        "fill": "none",
        "stroke": "#CCCCCC",
        "strokeWidth": 0.4,
        "__gm_id": "feature-1153",
        "__gm_shape": "line",
        "fillColor": "#8f623f",
        "outlineColor": "#cccccc",
        "level": "a1"
      },
      "id": "feature-1153"
    },
    {
      "type": "Feature",
      "geometry": {
        "type": "LineString",
        "coordinates": [
          [
            -113.99630914636997,
            46.86641502720984
          ],
          [
            -113.99628579048196,
            46.86645751261184
          ]
        ]
      },
      "properties": {
        "svgPathIndex": 44,
        "elementId": null,
        "category": "parking_marking",
        "fill": "none",
        "stroke": "#CCCCCC",
        "strokeWidth": 0.4,
        "__gm_id": "feature-1155",
        "__gm_shape": "line",
        "fillColor": "#8f623f",
        "outlineColor": "#cccccc",
        "level": "a1"
      },
      "id": "feature-1155"
    },
    {
      "type": "Feature",
      "geometry": {
        "type": "LineString",
        "coordinates": [
          [
            -113.99640028790996,
            46.866438475873835
          ],
          [
            -113.99637648485697,
            46.866481272760836
          ]
        ]
      },
      "properties": {
        "svgPathIndex": 45,
        "elementId": null,
        "category": "parking_marking",
        "fill": "none",
        "stroke": "#CCCCCC",
        "strokeWidth": 0.4,
        "__gm_id": "feature-1157",
        "__gm_shape": "line",
        "fillColor": "#8f623f",
        "outlineColor": "#cccccc",
        "level": "a1"
      },
      "id": "feature-1157"
    },
    {
      "type": "Feature",
      "geometry": {
        "type": "LineString",
        "coordinates": [
          [
            -113.99643066945997,
            46.86644629281784
          ],
          [
            -113.99640686639196,
            46.86648908860084
          ]
        ]
      },
      "properties": {
        "svgPathIndex": 46,
        "elementId": null,
        "category": "parking_marking",
        "fill": "none",
        "stroke": "#CCCCCC",
        "strokeWidth": 0.4,
        "__gm_id": "feature-1159",
        "__gm_shape": "line",
        "fillColor": "#8f623f",
        "outlineColor": "#cccccc",
        "level": "a1"
      },
      "id": "feature-1159"
    },
    {
      "type": "Feature",
      "geometry": {
        "type": "LineString",
        "coordinates": [
          [
            -113.99646059851597,
            46.86645411186684
          ],
          [
            -113.99643724691497,
            46.866496905544835
          ]
        ]
      },
      "properties": {
        "svgPathIndex": 47,
        "elementId": null,
        "category": "parking_marking",
        "fill": "none",
        "stroke": "#CCCCCC",
        "strokeWidth": 0.4,
        "__gm_id": "feature-1161",
        "__gm_shape": "line",
        "fillColor": "#8f623f",
        "outlineColor": "#cccccc",
        "level": "a1"
      },
      "id": "feature-1161"
    },
    {
      "type": "Feature",
      "geometry": {
        "type": "LineString",
        "coordinates": [
          [
            -113.99652136383496,
            46.86647005297084
          ],
          [
            -113.99649800793196,
            46.866512537232836
          ]
        ]
      },
      "properties": {
        "svgPathIndex": 48,
        "elementId": null,
        "category": "parking_marking",
        "fill": "none",
        "stroke": "#CCCCCC",
        "strokeWidth": 0.4,
        "__gm_id": "feature-1163",
        "__gm_shape": "line",
        "fillColor": "#8f623f",
        "outlineColor": "#cccccc",
        "level": "a1"
      },
      "id": "feature-1163"
    },
    {
      "type": "Feature",
      "geometry": {
        "type": "LineString",
        "coordinates": [
          [
            -113.99655174434396,
            46.866477868819835
          ],
          [
            -113.99652838948096,
            46.866520354165836
          ]
        ]
      },
      "properties": {
        "svgPathIndex": 49,
        "elementId": null,
        "category": "parking_marking",
        "fill": "none",
        "stroke": "#CCCCCC",
        "strokeWidth": 0.4,
        "__gm_id": "feature-1165",
        "__gm_shape": "line",
        "fillColor": "#8f623f",
        "outlineColor": "#cccccc",
        "level": "a1"
      },
      "id": "feature-1165"
    },
    {
      "type": "Feature",
      "geometry": {
        "type": "LineString",
        "coordinates": [
          [
            -113.99658212589296,
            46.86648568575784
          ],
          [
            -113.99655876998897,
            46.86652817000784
          ]
        ]
      },
      "properties": {
        "svgPathIndex": 50,
        "elementId": null,
        "category": "parking_marking",
        "fill": "none",
        "stroke": "#CCCCCC",
        "strokeWidth": 0.4,
        "__gm_id": "feature-1167",
        "__gm_shape": "line",
        "fillColor": "#8f623f",
        "outlineColor": "#cccccc",
        "level": "a1"
      },
      "id": "feature-1167"
    },
    {
      "type": "Feature",
      "geometry": {
        "type": "LineString",
        "coordinates": [
          [
            -113.99661250640096,
            46.866493501604836
          ],
          [
            -113.99658915051296,
            46.86653598694484
          ]
        ]
      },
      "properties": {
        "svgPathIndex": 51,
        "elementId": null,
        "category": "parking_marking",
        "fill": "none",
        "stroke": "#CCCCCC",
        "strokeWidth": 0.4,
        "__gm_id": "feature-1169",
        "__gm_shape": "line",
        "fillColor": "#8f623f",
        "outlineColor": "#cccccc",
        "level": "a1"
      },
      "id": "feature-1169"
    },
    {
      "type": "Feature",
      "geometry": {
        "type": "LineString",
        "coordinates": [
          [
            -113.99679615121796,
            46.86654069864384
          ],
          [
            -113.99677279961796,
            46.866583492252836
          ]
        ]
      },
      "properties": {
        "svgPathIndex": 52,
        "elementId": null,
        "category": "parking_marking",
        "fill": "none",
        "stroke": "#CCCCCC",
        "strokeWidth": 0.4,
        "__gm_id": "feature-1171",
        "__gm_shape": "line",
        "fillColor": "#8f623f",
        "outlineColor": "#cccccc",
        "level": "a1"
      },
      "id": "feature-1171"
    },
    {
      "type": "Feature",
      "geometry": {
        "type": "LineString",
        "coordinates": [
          [
            -113.99682653602996,
            46.86654882388484
          ],
          [
            -113.99680318014096,
            46.866591309181835
          ]
        ]
      },
      "properties": {
        "svgPathIndex": 53,
        "elementId": null,
        "category": "parking_marking",
        "fill": "none",
        "stroke": "#CCCCCC",
        "strokeWidth": 0.4,
        "__gm_id": "feature-1173",
        "__gm_shape": "line",
        "fillColor": "#8f623f",
        "outlineColor": "#cccccc",
        "level": "a1"
      },
      "id": "feature-1173"
    },
    {
      "type": "Feature",
      "geometry": {
        "type": "LineString",
        "coordinates": [
          [
            -113.99685691653796,
            46.86655663972284
          ],
          [
            -113.99683356064897,
            46.86659912501284
          ]
        ]
      },
      "properties": {
        "svgPathIndex": 54,
        "elementId": null,
        "category": "parking_marking",
        "fill": "none",
        "stroke": "#CCCCCC",
        "strokeWidth": 0.4,
        "__gm_id": "feature-1175",
        "__gm_shape": "line",
        "fillColor": "#8f623f",
        "outlineColor": "#cccccc",
        "level": "a1"
      },
      "id": "feature-1175"
    },
    {
      "type": "Feature",
      "geometry": {
        "type": "LineString",
        "coordinates": [
          [
            -113.99583862188896,
            46.866402296369834
          ],
          [
            -113.99581527028796,
            46.866445090087836
          ]
        ]
      },
      "properties": {
        "svgPathIndex": 55,
        "elementId": null,
        "category": "parking_marking",
        "fill": "none",
        "stroke": "#CCCCCC",
        "strokeWidth": 0.4,
        "__gm_id": "feature-1177",
        "__gm_shape": "line",
        "fillColor": "#8f623f",
        "outlineColor": "#cccccc",
        "level": "a1"
      },
      "id": "feature-1177"
    },
    {
      "type": "Feature",
      "geometry": {
        "type": "LineString",
        "coordinates": [
          [
            -113.99586900241296,
            46.86641011332584
          ],
          [
            -113.99584519935996,
            46.86645291023484
          ]
        ]
      },
      "properties": {
        "svgPathIndex": 56,
        "elementId": null,
        "category": "parking_marking",
        "fill": "none",
        "stroke": "#CCCCCC",
        "strokeWidth": 0.4,
        "__gm_id": "feature-1179",
        "__gm_shape": "line",
        "fillColor": "#8f623f",
        "outlineColor": "#cccccc",
        "level": "a1"
      },
      "id": "feature-1179"
    },
    {
      "type": "Feature",
      "geometry": {
        "type": "LineString",
        "coordinates": [
          [
            -113.99588918092897,
            46.86646402694784
          ],
          [
            -113.99587558089397,
            46.866460726078834
          ],
          [
            -113.99589938823496,
            46.86641823748184
          ],
          [
            -113.99591298828496,
            46.86642153945084
          ],
          [
            -113.99588918092897,
            46.86646402694784
          ]
        ]
      },
      "properties": {
        "svgPathIndex": 57,
        "elementId": null,
        "category": "parking_marking",
        "fill": "none",
        "stroke": "#CCCCCC",
        "strokeWidth": 0.4,
        "__gm_id": "feature-1181",
        "__gm_shape": "line",
        "fillColor": "#8f623f",
        "outlineColor": "#cccccc",
        "level": "a1"
      },
      "id": "feature-1181"
    },
    {
      "type": "Feature",
      "geometry": {
        "type": "LineString",
        "coordinates": [
          [
            -113.99591253683296,
            46.866421542647835
          ],
          [
            -113.99589629802196,
            46.86642351096284
          ]
        ]
      },
      "properties": {
        "svgPathIndex": 58,
        "elementId": null,
        "category": "parking_marking",
        "fill": "none",
        "stroke": "#CCCCCC",
        "strokeWidth": 0.4,
        "__gm_id": "feature-1183",
        "__gm_shape": "line",
        "fillColor": "#8f623f",
        "outlineColor": "#cccccc",
        "level": "a1"
      },
      "id": "feature-1183"
    },
    {
      "type": "Feature",
      "geometry": {
        "type": "LineString",
        "coordinates": [
          [
            -113.99590946053996,
            46.866427743233835
          ],
          [
            -113.99589276597496,
            46.866429405342835
          ]
        ]
      },
      "properties": {
        "svgPathIndex": 59,
        "elementId": null,
        "category": "parking_marking",
        "fill": "none",
        "stroke": "#CCCCCC",
        "strokeWidth": 0.4,
        "__gm_id": "feature-1185",
        "__gm_shape": "line",
        "fillColor": "#8f623f",
        "outlineColor": "#cccccc",
        "level": "a1"
      },
      "id": "feature-1185"
    },
    {
      "type": "Feature",
      "geometry": {
        "type": "LineString",
        "coordinates": [
          [
            -113.99590592745096,
            46.86643363652384
          ],
          [
            -113.99588968966697,
            46.86643560483084
          ]
        ]
      },
      "properties": {
        "svgPathIndex": 60,
        "elementId": null,
        "category": "parking_marking",
        "fill": "none",
        "stroke": "#CCCCCC",
        "strokeWidth": 0.4,
        "__gm_id": "feature-1187",
        "__gm_shape": "line",
        "fillColor": "#8f623f",
        "outlineColor": "#cccccc",
        "level": "a1"
      },
      "id": "feature-1187"
    },
    {
      "type": "Feature",
      "geometry": {
        "type": "LineString",
        "coordinates": [
          [
            -113.99590284685597,
            46.86643952770484
          ],
          [
            -113.99588615659296,
            46.86644149921684
          ]
        ]
      },
      "properties": {
        "svgPathIndex": 61,
        "elementId": null,
        "category": "parking_marking",
        "fill": "none",
        "stroke": "#CCCCCC",
        "strokeWidth": 0.4,
        "__gm_id": "feature-1189",
        "__gm_shape": "line",
        "fillColor": "#8f623f",
        "outlineColor": "#cccccc",
        "level": "a1"
      },
      "id": "feature-1189"
    },
    {
      "type": "Feature",
      "geometry": {
        "type": "LineString",
        "coordinates": [
          [
            -113.99589931806996,
            46.86644573039584
          ],
          [
            -113.99588307599797,
            46.866447390396836
          ]
        ]
      },
      "properties": {
        "svgPathIndex": 62,
        "elementId": null,
        "category": "parking_marking",
        "fill": "none",
        "stroke": "#CCCCCC",
        "strokeWidth": 0.4,
        "__gm_id": "feature-1191",
        "__gm_shape": "line",
        "fillColor": "#8f623f",
        "outlineColor": "#cccccc",
        "level": "a1"
      },
      "id": "feature-1191"
    },
    {
      "type": "Feature",
      "geometry": {
        "type": "LineString",
        "coordinates": [
          [
            -113.99589623747396,
            46.866451621576836
          ],
          [
            -113.99587954721196,
            46.86645359308784
          ]
        ]
      },
      "properties": {
        "svgPathIndex": 63,
        "elementId": null,
        "category": "parking_marking",
        "fill": "none",
        "stroke": "#CCCCCC",
        "strokeWidth": 0.4,
        "__gm_id": "feature-1193",
        "__gm_shape": "line",
        "fillColor": "#8f623f",
        "outlineColor": "#cccccc",
        "level": "a1"
      },
      "id": "feature-1193"
    },
    {
      "type": "Feature",
      "geometry": {
        "type": "LineString",
        "coordinates": [
          [
            -113.99589270542697,
            46.86645751595284
          ],
          [
            -113.99587646661597,
            46.86645948426684
          ]
        ]
      },
      "properties": {
        "svgPathIndex": 64,
        "elementId": null,
        "category": "parking_marking",
        "fill": "none",
        "stroke": "#CCCCCC",
        "strokeWidth": 0.4,
        "__gm_id": "feature-1195",
        "__gm_shape": "line",
        "fillColor": "#8f623f",
        "outlineColor": "#cccccc",
        "level": "a1"
      },
      "id": "feature-1195"
    },
    {
      "type": "Feature",
      "geometry": {
        "type": "LineString",
        "coordinates": [
          [
            -113.99704400749397,
            46.866591765271835
          ],
          [
            -113.99698187820196,
            46.86657521609484
          ]
        ]
      },
      "properties": {
        "svgPathIndex": 65,
        "elementId": null,
        "category": "parking_marking",
        "fill": "none",
        "stroke": "#CCCCCC",
        "strokeWidth": 0.4,
        "__gm_id": "feature-1197",
        "__gm_shape": "line",
        "fillColor": "#8f623f",
        "outlineColor": "#cccccc",
        "level": "a1"
      },
      "id": "feature-1197"
    },
    {
      "type": "Feature",
      "geometry": {
        "type": "LineString",
        "coordinates": [
          [
            -113.99705546667997,
            46.86657098832584
          ],
          [
            -113.99699378779896,
            46.866554434855836
          ]
        ]
      },
      "properties": {
        "svgPathIndex": 66,
        "elementId": null,
        "category": "parking_marking",
        "fill": "none",
        "stroke": "#CCCCCC",
        "strokeWidth": 0.4,
        "__gm_id": "feature-1199",
        "__gm_shape": "line",
        "fillColor": "#8f623f",
        "outlineColor": "#cccccc",
        "level": "a1"
      },
      "id": "feature-1199"
    },
    {
      "type": "Feature",
      "geometry": {
        "type": "LineString",
        "coordinates": [
          [
            -113.99706738057996,
            46.86655051648784
          ],
          [
            -113.99700570272397,
            46.86653396300384
          ]
        ]
      },
      "properties": {
        "svgPathIndex": 67,
        "elementId": null,
        "category": "parking_marking",
        "fill": "none",
        "stroke": "#CCCCCC",
        "strokeWidth": 0.4,
        "__gm_id": "feature-1201",
        "__gm_shape": "line",
        "fillColor": "#8f623f",
        "outlineColor": "#cccccc",
        "level": "a1"
      },
      "id": "feature-1201"
    },
    {
      "type": "Feature",
      "geometry": {
        "type": "LineString",
        "coordinates": [
          [
            -113.99707929120196,
            46.86652973523284
          ],
          [
            -113.99701761233597,
            46.86651318284684
          ]
        ]
      },
      "properties": {
        "svgPathIndex": 68,
        "elementId": null,
        "category": "parking_marking",
        "fill": "none",
        "stroke": "#CCCCCC",
        "strokeWidth": 0.4,
        "__gm_id": "feature-1203",
        "__gm_shape": "line",
        "fillColor": "#8f623f",
        "outlineColor": "#cccccc",
        "level": "a1"
      },
      "id": "feature-1203"
    },
    {
      "type": "Feature",
      "geometry": {
        "type": "LineString",
        "coordinates": [
          [
            -113.99691317000097,
            46.866540487679835
          ],
          [
            -113.99685149216096,
            46.86652393528984
          ]
        ]
      },
      "properties": {
        "svgPathIndex": 69,
        "elementId": null,
        "category": "parking_marking",
        "fill": "none",
        "stroke": "#CCCCCC",
        "strokeWidth": 0.4,
        "__gm_id": "feature-1205",
        "__gm_shape": "line",
        "fillColor": "#8f623f",
        "outlineColor": "#cccccc",
        "level": "a1"
      },
      "id": "feature-1205"
    },
    {
      "type": "Feature",
      "geometry": {
        "type": "LineString",
        "coordinates": [
          [
            -113.99692507959796,
            46.866519706426836
          ],
          [
            -113.99686340175697,
            46.86650315403084
          ]
        ]
      },
      "properties": {
        "svgPathIndex": 70,
        "elementId": null,
        "category": "parking_marking",
        "fill": "none",
        "stroke": "#CCCCCC",
        "strokeWidth": 0.4,
        "__gm_id": "feature-1207",
        "__gm_shape": "line",
        "fillColor": "#8f623f",
        "outlineColor": "#cccccc",
        "level": "a1"
      },
      "id": "feature-1207"
    },
    {
      "type": "Feature",
      "geometry": {
        "type": "LineString",
        "coordinates": [
          [
            -113.99693699452297,
            46.86649923456284
          ],
          [
            -113.99687531668296,
            46.86648268215984
          ]
        ]
      },
      "properties": {
        "svgPathIndex": 71,
        "elementId": null,
        "category": "parking_marking",
        "fill": "none",
        "stroke": "#CCCCCC",
        "strokeWidth": 0.4,
        "__gm_id": "feature-1209",
        "__gm_shape": "line",
        "fillColor": "#8f623f",
        "outlineColor": "#cccccc",
        "level": "a1"
      },
      "id": "feature-1209"
    },
    {
      "type": "Feature",
      "geometry": {
        "type": "LineString",
        "coordinates": [
          [
            -113.99660990918396,
            46.866436682985835
          ],
          [
            -113.99658655756797,
            46.86647947557984
          ]
        ]
      },
      "properties": {
        "svgPathIndex": 72,
        "elementId": null,
        "category": "parking_marking",
        "fill": "none",
        "stroke": "#CCCCCC",
        "strokeWidth": 0.4,
        "__gm_id": "feature-1211",
        "__gm_shape": "line",
        "fillColor": "#8f623f",
        "outlineColor": "#cccccc",
        "level": "a1"
      },
      "id": "feature-1211"
    },
    {
      "type": "Feature",
      "geometry": {
        "type": "LineString",
        "coordinates": [
          [
            -113.99664028969197,
            46.86644449883884
          ],
          [
            -113.99661693809097,
            46.86648729252484
          ]
        ]
      },
      "properties": {
        "svgPathIndex": 73,
        "elementId": null,
        "category": "parking_marking",
        "fill": "none",
        "stroke": "#CCCCCC",
        "strokeWidth": 0.4,
        "__gm_id": "feature-1213",
        "__gm_shape": "line",
        "fillColor": "#8f623f",
        "outlineColor": "#cccccc",
        "level": "a1"
      },
      "id": "feature-1213"
    },
    {
      "type": "Feature",
      "geometry": {
        "type": "LineString",
        "coordinates": [
          [
            -113.99667067021497,
            46.86645231578884
          ],
          [
            -113.99664731859896,
            46.866495108370835
          ]
        ]
      },
      "properties": {
        "svgPathIndex": 74,
        "elementId": null,
        "category": "parking_marking",
        "fill": "none",
        "stroke": "#CCCCCC",
        "strokeWidth": 0.4,
        "__gm_id": "feature-1215",
        "__gm_shape": "line",
        "fillColor": "#8f623f",
        "outlineColor": "#cccccc",
        "level": "a1"
      },
      "id": "feature-1215"
    },
    {
      "type": "Feature",
      "geometry": {
        "type": "LineString",
        "coordinates": [
          [
            -113.99670105173396,
            46.866460130535835
          ],
          [
            -113.99667770013396,
            46.86650292420884
          ]
        ]
      },
      "properties": {
        "svgPathIndex": 75,
        "elementId": null,
        "category": "parking_marking",
        "fill": "none",
        "stroke": "#CCCCCC",
        "strokeWidth": 0.4,
        "__gm_id": "feature-1217",
        "__gm_shape": "line",
        "fillColor": "#8f623f",
        "outlineColor": "#cccccc",
        "level": "a1"
      },
      "id": "feature-1217"
    },
    {
      "type": "Feature",
      "geometry": {
        "type": "LineString",
        "coordinates": [
          [
            -113.99673143225796,
            46.86646794748384
          ],
          [
            -113.99670762920496,
            46.86651074434684
          ]
        ]
      },
      "properties": {
        "svgPathIndex": 76,
        "elementId": null,
        "category": "parking_marking",
        "fill": "none",
        "stroke": "#CCCCCC",
        "strokeWidth": 0.4,
        "__gm_id": "feature-1219",
        "__gm_shape": "line",
        "fillColor": "#8f623f",
        "outlineColor": "#cccccc",
        "level": "a1"
      },
      "id": "feature-1219"
    },
    {
      "type": "Feature",
      "geometry": {
        "type": "LineString",
        "coordinates": [
          [
            -113.99676136561696,
            46.86647607593284
          ],
          [
            -113.99673800971296,
            46.86651856018984
          ]
        ]
      },
      "properties": {
        "svgPathIndex": 77,
        "elementId": null,
        "category": "parking_marking",
        "fill": "none",
        "stroke": "#CCCCCC",
        "strokeWidth": 0.4,
        "__gm_id": "feature-1221",
        "__gm_shape": "line",
        "fillColor": "#8f623f",
        "outlineColor": "#cccccc",
        "level": "a1"
      },
      "id": "feature-1221"
    },
    {
      "type": "Feature",
      "geometry": {
        "type": "LineString",
        "coordinates": [
          [
            -113.99679174612596,
            46.86648389178084
          ],
          [
            -113.99676839023697,
            46.866526377128835
          ]
        ]
      },
      "properties": {
        "svgPathIndex": 78,
        "elementId": null,
        "category": "parking_marking",
        "fill": "none",
        "stroke": "#CCCCCC",
        "strokeWidth": 0.4,
        "__gm_id": "feature-1223",
        "__gm_shape": "line",
        "fillColor": "#8f623f",
        "outlineColor": "#cccccc",
        "level": "a1"
      },
      "id": "feature-1223"
    },
    {
      "type": "Feature",
      "geometry": {
        "type": "LineString",
        "coordinates": [
          [
            -113.99682212663396,
            46.86649170762784
          ],
          [
            -113.99679877177097,
            46.86653419296284
          ]
        ]
      },
      "properties": {
        "svgPathIndex": 79,
        "elementId": null,
        "category": "parking_marking",
        "fill": "none",
        "stroke": "#CCCCCC",
        "strokeWidth": 0.4,
        "__gm_id": "feature-1225",
        "__gm_shape": "line",
        "fillColor": "#8f623f",
        "outlineColor": "#cccccc",
        "level": "a1"
      },
      "id": "feature-1225"
    },
    {
      "type": "Feature",
      "geometry": {
        "type": "LineString",
        "coordinates": [
          [
            -113.99633693394796,
            46.86636633267884
          ],
          [
            -113.99631357805997,
            46.86640881811984
          ]
        ]
      },
      "properties": {
        "svgPathIndex": 80,
        "elementId": null,
        "category": "parking_marking",
        "fill": "none",
        "stroke": "#CCCCCC",
        "strokeWidth": 0.4,
        "__gm_id": "feature-1227",
        "__gm_shape": "line",
        "fillColor": "#8f623f",
        "outlineColor": "#cccccc",
        "level": "a1"
      },
      "id": "feature-1227"
    },
    {
      "type": "Feature",
      "geometry": {
        "type": "LineString",
        "coordinates": [
          [
            -113.99636731445696,
            46.86637414854284
          ],
          [
            -113.99634395856796,
            46.866416633977835
          ]
        ]
      },
      "properties": {
        "svgPathIndex": 81,
        "elementId": null,
        "category": "parking_marking",
        "fill": "none",
        "stroke": "#CCCCCC",
        "strokeWidth": 0.4,
        "__gm_id": "feature-1229",
        "__gm_shape": "line",
        "fillColor": "#8f623f",
        "outlineColor": "#cccccc",
        "level": "a1"
      },
      "id": "feature-1229"
    },
    {
      "type": "Feature",
      "geometry": {
        "type": "LineString",
        "coordinates": [
          [
            -113.99639769497996,
            46.86638196550284
          ],
          [
            -113.99637388763996,
            46.86642445412884
          ]
        ]
      },
      "properties": {
        "svgPathIndex": 82,
        "elementId": null,
        "category": "parking_marking",
        "fill": "none",
        "stroke": "#CCCCCC",
        "strokeWidth": 0.4,
        "__gm_id": "feature-1231",
        "__gm_shape": "line",
        "fillColor": "#8f623f",
        "outlineColor": "#cccccc",
        "level": "a1"
      },
      "id": "feature-1231"
    },
    {
      "type": "Feature",
      "geometry": {
        "type": "LineString",
        "coordinates": [
          [
            -113.99642807548797,
            46.86638978136484
          ],
          [
            -113.99640426814797,
            46.86643226998484
          ]
        ]
      },
      "properties": {
        "svgPathIndex": 83,
        "elementId": null,
        "category": "parking_marking",
        "fill": "none",
        "stroke": "#CCCCCC",
        "strokeWidth": 0.4,
        "__gm_id": "feature-1233",
        "__gm_shape": "line",
        "fillColor": "#8f623f",
        "outlineColor": "#cccccc",
        "level": "a1"
      },
      "id": "feature-1233"
    },
    {
      "type": "Feature",
      "geometry": {
        "type": "LineString",
        "coordinates": [
          [
            -113.99645800455997,
            46.866397601519836
          ],
          [
            -113.99643464968196,
            46.86644008583184
          ]
        ]
      },
      "properties": {
        "svgPathIndex": 84,
        "elementId": null,
        "category": "parking_marking",
        "fill": "none",
        "stroke": "#CCCCCC",
        "strokeWidth": 0.4,
        "__gm_id": "feature-1235",
        "__gm_shape": "line",
        "fillColor": "#8f623f",
        "outlineColor": "#cccccc",
        "level": "a1"
      },
      "id": "feature-1235"
    },
    {
      "type": "Feature",
      "geometry": {
        "type": "LineString",
        "coordinates": [
          [
            -113.99648838609396,
            46.86640541737184
          ],
          [
            -113.99646503020597,
            46.866447902781836
          ]
        ]
      },
      "properties": {
        "svgPathIndex": 85,
        "elementId": null,
        "category": "parking_marking",
        "fill": "none",
        "stroke": "#CCCCCC",
        "strokeWidth": 0.4,
        "__gm_id": "feature-1237",
        "__gm_shape": "line",
        "fillColor": "#8f623f",
        "outlineColor": "#cccccc",
        "level": "a1"
      },
      "id": "feature-1237"
    },
    {
      "type": "Feature",
      "geometry": {
        "type": "LineString",
        "coordinates": [
          [
            -113.99651876660197,
            46.866413233229835
          ],
          [
            -113.99649541071396,
            46.86645571863384
          ]
        ]
      },
      "properties": {
        "svgPathIndex": 86,
        "elementId": null,
        "category": "parking_marking",
        "fill": "none",
        "stroke": "#CCCCCC",
        "strokeWidth": 0.4,
        "__gm_id": "feature-1239",
        "__gm_shape": "line",
        "fillColor": "#8f623f",
        "outlineColor": "#cccccc",
        "level": "a1"
      },
      "id": "feature-1239"
    },
    {
      "type": "Feature",
      "geometry": {
        "type": "LineString",
        "coordinates": [
          [
            -113.99654914712596,
            46.86642105018484
          ],
          [
            -113.99652579122197,
            46.866463534484836
          ]
        ]
      },
      "properties": {
        "svgPathIndex": 87,
        "elementId": null,
        "category": "parking_marking",
        "fill": "none",
        "stroke": "#CCCCCC",
        "strokeWidth": 0.4,
        "__gm_id": "feature-1241",
        "__gm_shape": "line",
        "fillColor": "#8f623f",
        "outlineColor": "#cccccc",
        "level": "a1"
      },
      "id": "feature-1241"
    },
    {
      "type": "Feature",
      "geometry": {
        "type": "LineString",
        "coordinates": [
          [
            -113.99657952763397,
            46.866428866040835
          ],
          [
            -113.99655617275596,
            46.866471350327835
          ]
        ]
      },
      "properties": {
        "svgPathIndex": 88,
        "elementId": null,
        "category": "parking_marking",
        "fill": "none",
        "stroke": "#CCCCCC",
        "strokeWidth": 0.4,
        "__gm_id": "feature-1243",
        "__gm_shape": "line",
        "fillColor": "#8f623f",
        "outlineColor": "#cccccc",
        "level": "a1"
      },
      "id": "feature-1243"
    },
    {
      "type": "Feature",
      "geometry": {
        "type": "LineString",
        "coordinates": [
          [
            -113.99606395440996,
            46.866295672875836
          ],
          [
            -113.99604059852196,
            46.86633815837284
          ]
        ]
      },
      "properties": {
        "svgPathIndex": 89,
        "elementId": null,
        "category": "parking_marking",
        "fill": "none",
        "stroke": "#CCCCCC",
        "strokeWidth": 0.4,
        "__gm_id": "feature-1245",
        "__gm_shape": "line",
        "fillColor": "#8f623f",
        "outlineColor": "#cccccc",
        "level": "a1"
      },
      "id": "feature-1245"
    },
    {
      "type": "Feature",
      "geometry": {
        "type": "LineString",
        "coordinates": [
          [
            -113.99609433493396,
            46.86630348984784
          ],
          [
            -113.99607052759296,
            46.86634597853584
          ]
        ]
      },
      "properties": {
        "svgPathIndex": 90,
        "elementId": null,
        "category": "parking_marking",
        "fill": "none",
        "stroke": "#CCCCCC",
        "strokeWidth": 0.4,
        "__gm_id": "feature-1247",
        "__gm_shape": "line",
        "fillColor": "#8f623f",
        "outlineColor": "#cccccc",
        "level": "a1"
      },
      "id": "feature-1247"
    },
    {
      "type": "Feature",
      "geometry": {
        "type": "LineString",
        "coordinates": [
          [
            -113.99612426398997,
            46.86631130891784
          ],
          [
            -113.99610090810096,
            46.86635379440284
          ]
        ]
      },
      "properties": {
        "svgPathIndex": 91,
        "elementId": null,
        "category": "parking_marking",
        "fill": "none",
        "stroke": "#CCCCCC",
        "strokeWidth": 0.4,
        "__gm_id": "feature-1249",
        "__gm_shape": "line",
        "fillColor": "#8f623f",
        "outlineColor": "#cccccc",
        "level": "a1"
      },
      "id": "feature-1249"
    },
    {
      "type": "Feature",
      "geometry": {
        "type": "LineString",
        "coordinates": [
          [
            -113.99615464451297,
            46.86631912588684
          ],
          [
            -113.99613128862497,
            46.86636161136584
          ]
        ]
      },
      "properties": {
        "svgPathIndex": 92,
        "elementId": null,
        "category": "parking_marking",
        "fill": "none",
        "stroke": "#CCCCCC",
        "strokeWidth": 0.4,
        "__gm_id": "feature-1251",
        "__gm_shape": "line",
        "fillColor": "#8f623f",
        "outlineColor": "#cccccc",
        "level": "a1"
      },
      "id": "feature-1251"
    },
    {
      "type": "Feature",
      "geometry": {
        "type": "LineString",
        "coordinates": [
          [
            -113.99618502502196,
            46.86632694175784
          ],
          [
            -113.99616166913296,
            46.866369427230836
          ]
        ]
      },
      "properties": {
        "svgPathIndex": 93,
        "elementId": null,
        "category": "parking_marking",
        "fill": "none",
        "stroke": "#CCCCCC",
        "strokeWidth": 0.4,
        "__gm_id": "feature-1253",
        "__gm_shape": "line",
        "fillColor": "#8f623f",
        "outlineColor": "#cccccc",
        "level": "a1"
      },
      "id": "feature-1253"
    },
    {
      "type": "Feature",
      "geometry": {
        "type": "LineString",
        "coordinates": [
          [
            -113.99621540657097,
            46.86633475871784
          ],
          [
            -113.99619205496997,
            46.86637755248984
          ]
        ]
      },
      "properties": {
        "svgPathIndex": 94,
        "elementId": null,
        "category": "parking_marking",
        "fill": "none",
        "stroke": "#CCCCCC",
        "strokeWidth": 0.4,
        "__gm_id": "feature-1255",
        "__gm_shape": "line",
        "fillColor": "#8f623f",
        "outlineColor": "#cccccc",
        "level": "a1"
      },
      "id": "feature-1255"
    },
    {
      "type": "Feature",
      "geometry": {
        "type": "LineString",
        "coordinates": [
          [
            -113.99624578707896,
            46.866342574585836
          ],
          [
            -113.99622243547897,
            46.86638536835284
          ]
        ]
      },
      "properties": {
        "svgPathIndex": 95,
        "elementId": null,
        "category": "parking_marking",
        "fill": "none",
        "stroke": "#CCCCCC",
        "strokeWidth": 0.4,
        "__gm_id": "feature-1257",
        "__gm_shape": "line",
        "fillColor": "#8f623f",
        "outlineColor": "#cccccc",
        "level": "a1"
      },
      "id": "feature-1257"
    },
    {
      "type": "Feature",
      "geometry": {
        "type": "LineString",
        "coordinates": [
          [
            -113.99627616758796,
            46.86635039045384
          ],
          [
            -113.99625281600196,
            46.86639318531084
          ]
        ]
      },
      "properties": {
        "svgPathIndex": 96,
        "elementId": null,
        "category": "parking_marking",
        "fill": "none",
        "stroke": "#CCCCCC",
        "strokeWidth": 0.4,
        "__gm_id": "feature-1259",
        "__gm_shape": "line",
        "fillColor": "#8f623f",
        "outlineColor": "#cccccc",
        "level": "a1"
      },
      "id": "feature-1259"
    },
    {
      "type": "Feature",
      "geometry": {
        "type": "LineString",
        "coordinates": [
          [
            -113.99630654811097,
            46.86635820741684
          ],
          [
            -113.99628319753596,
            46.86640100116384
          ]
        ]
      },
      "properties": {
        "svgPathIndex": 97,
        "elementId": null,
        "category": "parking_marking",
        "fill": "none",
        "stroke": "#CCCCCC",
        "strokeWidth": 0.4,
        "__gm_id": "feature-1261",
        "__gm_shape": "line",
        "fillColor": "#8f623f",
        "outlineColor": "#cccccc",
        "level": "a1"
      },
      "id": "feature-1261"
    },
    {
      "type": "Feature",
      "geometry": {
        "type": "LineString",
        "coordinates": [
          [
            -113.99594243030997,
            46.866264408284835
          ],
          [
            -113.99591907544696,
            46.86630689379984
          ]
        ]
      },
      "properties": {
        "svgPathIndex": 98,
        "elementId": null,
        "category": "parking_marking",
        "fill": "none",
        "stroke": "#CCCCCC",
        "strokeWidth": 0.4,
        "__gm_id": "feature-1263",
        "__gm_shape": "line",
        "fillColor": "#8f623f",
        "outlineColor": "#cccccc",
        "level": "a1"
      },
      "id": "feature-1263"
    },
    {
      "type": "Feature",
      "geometry": {
        "type": "LineString",
        "coordinates": [
          [
            -113.99597281184397,
            46.86627222415684
          ],
          [
            -113.99594945595597,
            46.86631470967184
          ]
        ]
      },
      "properties": {
        "svgPathIndex": 99,
        "elementId": null,
        "category": "parking_marking",
        "fill": "none",
        "stroke": "#CCCCCC",
        "strokeWidth": 0.4,
        "__gm_id": "feature-1265",
        "__gm_shape": "line",
        "fillColor": "#8f623f",
        "outlineColor": "#cccccc",
        "level": "a1"
      },
      "id": "feature-1265"
    },
    {
      "type": "Feature",
      "geometry": {
        "type": "LineString",
        "coordinates": [
          [
            -113.99600319236797,
            46.866280041130835
          ],
          [
            -113.99597983646396,
            46.866322525543836
          ]
        ]
      },
      "properties": {
        "svgPathIndex": 100,
        "elementId": null,
        "category": "parking_marking",
        "fill": "none",
        "stroke": "#CCCCCC",
        "strokeWidth": 0.4,
        "__gm_id": "feature-1267",
        "__gm_shape": "line",
        "fillColor": "#8f623f",
        "outlineColor": "#cccccc",
        "level": "a1"
      },
      "id": "feature-1267"
    },
    {
      "type": "Feature",
      "geometry": {
        "type": "LineString",
        "coordinates": [
          [
            -113.99603357287596,
            46.86628785700784
          ],
          [
            -113.99601021698696,
            46.866330342510835
          ]
        ]
      },
      "properties": {
        "svgPathIndex": 101,
        "elementId": null,
        "category": "parking_marking",
        "fill": "none",
        "stroke": "#CCCCCC",
        "strokeWidth": 0.4,
        "__gm_id": "feature-1269",
        "__gm_shape": "line",
        "fillColor": "#8f623f",
        "outlineColor": "#cccccc",
        "level": "a1"
      },
      "id": "feature-1269"
    },
    {
      "type": "Feature",
      "geometry": {
        "type": "LineString",
        "coordinates": [
          [
            -113.99666235218497,
            46.86634147775184
          ],
          [
            -113.99663899629596,
            46.86638396321284
          ]
        ]
      },
      "properties": {
        "svgPathIndex": 102,
        "elementId": null,
        "category": "parking_marking",
        "fill": "none",
        "stroke": "#CCCCCC",
        "strokeWidth": 0.4,
        "__gm_id": "feature-1271",
        "__gm_shape": "line",
        "fillColor": "#8f623f",
        "outlineColor": "#cccccc",
        "level": "a1"
      },
      "id": "feature-1271"
    },
    {
      "type": "Feature",
      "geometry": {
        "type": "LineString",
        "coordinates": [
          [
            -113.99669273270796,
            46.86634929471684
          ],
          [
            -113.99666937680396,
            46.86639177907484
          ]
        ]
      },
      "properties": {
        "svgPathIndex": 103,
        "elementId": null,
        "category": "parking_marking",
        "fill": "none",
        "stroke": "#CCCCCC",
        "strokeWidth": 0.4,
        "__gm_id": "feature-1273",
        "__gm_shape": "line",
        "fillColor": "#8f623f",
        "outlineColor": "#cccccc",
        "level": "a1"
      },
      "id": "feature-1273"
    },
    {
      "type": "Feature",
      "geometry": {
        "type": "LineString",
        "coordinates": [
          [
            -113.99672311321596,
            46.866357110583834
          ],
          [
            -113.99669975732796,
            46.86639959603184
          ]
        ]
      },
      "properties": {
        "svgPathIndex": 104,
        "elementId": null,
        "category": "parking_marking",
        "fill": "none",
        "stroke": "#CCCCCC",
        "strokeWidth": 0.4,
        "__gm_id": "feature-1275",
        "__gm_shape": "line",
        "fillColor": "#8f623f",
        "outlineColor": "#cccccc",
        "level": "a1"
      },
      "id": "feature-1275"
    },
    {
      "type": "Feature",
      "geometry": {
        "type": "LineString",
        "coordinates": [
          [
            -113.99675349372497,
            46.86636492644884
          ],
          [
            -113.99673013886196,
            46.86640741188384
          ]
        ]
      },
      "properties": {
        "svgPathIndex": 105,
        "elementId": null,
        "category": "parking_marking",
        "fill": "none",
        "stroke": "#CCCCCC",
        "strokeWidth": 0.4,
        "__gm_id": "feature-1277",
        "__gm_shape": "line",
        "fillColor": "#8f623f",
        "outlineColor": "#cccccc",
        "level": "a1"
      },
      "id": "feature-1277"
    },
    {
      "type": "Feature",
      "geometry": {
        "type": "LineString",
        "coordinates": [
          [
            -113.99678387527396,
            46.866372743402835
          ],
          [
            -113.99676006690797,
            46.866415232043835
          ]
        ]
      },
      "properties": {
        "svgPathIndex": 106,
        "elementId": null,
        "category": "parking_marking",
        "fill": "none",
        "stroke": "#CCCCCC",
        "strokeWidth": 0.4,
        "__gm_id": "feature-1279",
        "__gm_shape": "line",
        "fillColor": "#8f623f",
        "outlineColor": "#cccccc",
        "level": "a1"
      },
      "id": "feature-1279"
    },
    {
      "type": "Feature",
      "geometry": {
        "type": "LineString",
        "coordinates": [
          [
            -113.99681425578196,
            46.866380559265835
          ],
          [
            -113.99679044844196,
            46.86642304789384
          ]
        ]
      },
      "properties": {
        "svgPathIndex": 107,
        "elementId": null,
        "category": "parking_marking",
        "fill": "none",
        "stroke": "#CCCCCC",
        "strokeWidth": 0.4,
        "__gm_id": "feature-1281",
        "__gm_shape": "line",
        "fillColor": "#8f623f",
        "outlineColor": "#cccccc",
        "level": "a1"
      },
      "id": "feature-1281"
    },
    {
      "type": "Feature",
      "geometry": {
        "type": "LineString",
        "coordinates": [
          [
            -113.99684418485397,
            46.86638837942284
          ],
          [
            -113.99682082896496,
            46.86643086484584
          ]
        ]
      },
      "properties": {
        "svgPathIndex": 108,
        "elementId": null,
        "category": "parking_marking",
        "fill": "none",
        "stroke": "#CCCCCC",
        "strokeWidth": 0.4,
        "__gm_id": "feature-1283",
        "__gm_shape": "line",
        "fillColor": "#8f623f",
        "outlineColor": "#cccccc",
        "level": "a1"
      },
      "id": "feature-1283"
    },
    {
      "type": "Feature",
      "geometry": {
        "type": "LineString",
        "coordinates": [
          [
            -113.99687456536196,
            46.86639619528284
          ],
          [
            -113.99685121376096,
            46.86643898900684
          ]
        ]
      },
      "properties": {
        "svgPathIndex": 109,
        "elementId": null,
        "category": "parking_marking",
        "fill": "none",
        "stroke": "#CCCCCC",
        "strokeWidth": 0.4,
        "__gm_id": "feature-1285",
        "__gm_shape": "line",
        "fillColor": "#8f623f",
        "outlineColor": "#cccccc",
        "level": "a1"
      },
      "id": "feature-1285"
    },
    {
      "type": "Feature",
      "geometry": {
        "type": "LineString",
        "coordinates": [
          [
            -113.99641975316996,
            46.866278634891835
          ],
          [
            -113.99639639728096,
            46.86632112040284
          ]
        ]
      },
      "properties": {
        "svgPathIndex": 110,
        "elementId": null,
        "category": "parking_marking",
        "fill": "none",
        "stroke": "#CCCCCC",
        "strokeWidth": 0.4,
        "__gm_id": "feature-1287",
        "__gm_shape": "line",
        "fillColor": "#8f623f",
        "outlineColor": "#cccccc",
        "level": "a1"
      },
      "id": "feature-1287"
    },
    {
      "type": "Feature",
      "geometry": {
        "type": "LineString",
        "coordinates": [
          [
            -113.99645013369296,
            46.86628645186584
          ],
          [
            -113.99642678209297,
            46.86632924567684
          ]
        ]
      },
      "properties": {
        "svgPathIndex": 111,
        "elementId": null,
        "category": "parking_marking",
        "fill": "none",
        "stroke": "#CCCCCC",
        "strokeWidth": 0.4,
        "__gm_id": "feature-1289",
        "__gm_shape": "line",
        "fillColor": "#8f623f",
        "outlineColor": "#cccccc",
        "level": "a1"
      },
      "id": "feature-1289"
    },
    {
      "type": "Feature",
      "geometry": {
        "type": "LineString",
        "coordinates": [
          [
            -113.99648051420196,
            46.866294267741836
          ],
          [
            -113.99645671114897,
            46.86633706474384
          ]
        ]
      },
      "properties": {
        "svgPathIndex": 112,
        "elementId": null,
        "category": "parking_marking",
        "fill": "none",
        "stroke": "#CCCCCC",
        "strokeWidth": 0.4,
        "__gm_id": "feature-1291",
        "__gm_shape": "line",
        "fillColor": "#8f623f",
        "outlineColor": "#cccccc",
        "level": "a1"
      },
      "id": "feature-1291"
    },
    {
      "type": "Feature",
      "geometry": {
        "type": "LineString",
        "coordinates": [
          [
            -113.99651044325796,
            46.86630208681284
          ],
          [
            -113.99648709167197,
            46.86634488170884
          ]
        ]
      },
      "properties": {
        "svgPathIndex": 113,
        "elementId": null,
        "category": "parking_marking",
        "fill": "none",
        "stroke": "#CCCCCC",
        "strokeWidth": 0.4,
        "__gm_id": "feature-1293",
        "__gm_shape": "line",
        "fillColor": "#8f623f",
        "outlineColor": "#cccccc",
        "level": "a1"
      },
      "id": "feature-1293"
    },
    {
      "type": "Feature",
      "geometry": {
        "type": "LineString",
        "coordinates": [
          [
            -113.99654082378096,
            46.866309903783836
          ],
          [
            -113.99651747320696,
            46.866352697568836
          ]
        ]
      },
      "properties": {
        "svgPathIndex": 114,
        "elementId": null,
        "category": "parking_marking",
        "fill": "none",
        "stroke": "#CCCCCC",
        "strokeWidth": 0.4,
        "__gm_id": "feature-1295",
        "__gm_shape": "line",
        "fillColor": "#8f623f",
        "outlineColor": "#cccccc",
        "level": "a1"
      },
      "id": "feature-1295"
    },
    {
      "type": "Feature",
      "geometry": {
        "type": "LineString",
        "coordinates": [
          [
            -113.99657120531596,
            46.86631771964884
          ],
          [
            -113.99654785372996,
            46.86636051453184
          ]
        ]
      },
      "properties": {
        "svgPathIndex": 115,
        "elementId": null,
        "category": "parking_marking",
        "fill": "none",
        "stroke": "#CCCCCC",
        "strokeWidth": 0.4,
        "__gm_id": "feature-1297",
        "__gm_shape": "line",
        "fillColor": "#8f623f",
        "outlineColor": "#cccccc",
        "level": "a1"
      },
      "id": "feature-1297"
    },
    {
      "type": "Feature",
      "geometry": {
        "type": "LineString",
        "coordinates": [
          [
            -113.99660159012696,
            46.866325844923836
          ],
          [
            -113.99657823423796,
            46.86636833039684
          ]
        ]
      },
      "properties": {
        "svgPathIndex": 116,
        "elementId": null,
        "category": "parking_marking",
        "fill": "none",
        "stroke": "#CCCCCC",
        "strokeWidth": 0.4,
        "__gm_id": "feature-1299",
        "__gm_shape": "line",
        "fillColor": "#8f623f",
        "outlineColor": "#cccccc",
        "level": "a1"
      },
      "id": "feature-1299"
    },
    {
      "type": "Feature",
      "geometry": {
        "type": "LineString",
        "coordinates": [
          [
            -113.99663197064996,
            46.866333661890835
          ],
          [
            -113.99660861476197,
            46.86637614735784
          ]
        ]
      },
      "properties": {
        "svgPathIndex": 117,
        "elementId": null,
        "category": "parking_marking",
        "fill": "none",
        "stroke": "#CCCCCC",
        "strokeWidth": 0.4,
        "__gm_id": "feature-1301",
        "__gm_shape": "line",
        "fillColor": "#8f623f",
        "outlineColor": "#cccccc",
        "level": "a1"
      },
      "id": "feature-1301"
    },
    {
      "type": "Feature",
      "geometry": {
        "type": "LineString",
        "coordinates": [
          [
            -113.99629823007996,
            46.866247369185835
          ],
          [
            -113.99627487419197,
            46.866289854721835
          ]
        ]
      },
      "properties": {
        "svgPathIndex": 118,
        "elementId": null,
        "category": "parking_marking",
        "fill": "none",
        "stroke": "#CCCCCC",
        "strokeWidth": 0.4,
        "__gm_id": "feature-1303",
        "__gm_shape": "line",
        "fillColor": "#8f623f",
        "outlineColor": "#cccccc",
        "level": "a1"
      },
      "id": "feature-1303"
    },
    {
      "type": "Feature",
      "geometry": {
        "type": "LineString",
        "coordinates": [
          [
            -113.99632861060397,
            46.866255186164835
          ],
          [
            -113.99630525471497,
            46.866297671693836
          ]
        ]
      },
      "properties": {
        "svgPathIndex": 119,
        "elementId": null,
        "category": "parking_marking",
        "fill": "none",
        "stroke": "#CCCCCC",
        "strokeWidth": 0.4,
        "__gm_id": "feature-1305",
        "__gm_shape": "line",
        "fillColor": "#8f623f",
        "outlineColor": "#cccccc",
        "level": "a1"
      },
      "id": "feature-1305"
    },
    {
      "type": "Feature",
      "geometry": {
        "type": "LineString",
        "coordinates": [
          [
            -113.99635899111196,
            46.86626300204484
          ],
          [
            -113.99633563522396,
            46.866305487567836
          ]
        ]
      },
      "properties": {
        "svgPathIndex": 120,
        "elementId": null,
        "category": "parking_marking",
        "fill": "none",
        "stroke": "#CCCCCC",
        "strokeWidth": 0.4,
        "__gm_id": "feature-1307",
        "__gm_shape": "line",
        "fillColor": "#8f623f",
        "outlineColor": "#cccccc",
        "level": "a1"
      },
      "id": "feature-1307"
    },
    {
      "type": "Feature",
      "geometry": {
        "type": "LineString",
        "coordinates": [
          [
            -113.99638937163596,
            46.86627081902084
          ],
          [
            -113.99636601677297,
            46.86631330453084
          ]
        ]
      },
      "properties": {
        "svgPathIndex": 121,
        "elementId": null,
        "category": "parking_marking",
        "fill": "none",
        "stroke": "#CCCCCC",
        "strokeWidth": 0.4,
        "__gm_id": "feature-1309",
        "__gm_shape": "line",
        "fillColor": "#8f623f",
        "outlineColor": "#cccccc",
        "level": "a1"
      },
      "id": "feature-1309"
    },
    {
      "type": "Feature",
      "geometry": {
        "type": "LineString",
        "coordinates": [
          [
            -113.99662843941196,
            46.86627468586984
          ],
          [
            -113.99660463207196,
            46.866317174580836
          ]
        ]
      },
      "properties": {
        "svgPathIndex": 122,
        "elementId": null,
        "category": "parking_marking",
        "fill": "none",
        "stroke": "#CCCCCC",
        "strokeWidth": 0.4,
        "__gm_id": "feature-1311",
        "__gm_shape": "line",
        "fillColor": "#8f623f",
        "outlineColor": "#cccccc",
        "level": "a1"
      },
      "id": "feature-1311"
    },
    {
      "type": "Feature",
      "geometry": {
        "type": "LineString",
        "coordinates": [
          [
            -113.99665836846796,
            46.86628250494384
          ],
          [
            -113.99663501257996,
            46.86632499045184
          ]
        ]
      },
      "properties": {
        "svgPathIndex": 123,
        "elementId": null,
        "category": "parking_marking",
        "fill": "none",
        "stroke": "#CCCCCC",
        "strokeWidth": 0.4,
        "__gm_id": "feature-1313",
        "__gm_shape": "line",
        "fillColor": "#8f623f",
        "outlineColor": "#cccccc",
        "level": "a1"
      },
      "id": "feature-1313"
    },
    {
      "type": "Feature",
      "geometry": {
        "type": "LineString",
        "coordinates": [
          [
            -113.99668875001797,
            46.86629032190984
          ],
          [
            -113.99666539412897,
            46.86633280741184
          ]
        ]
      },
      "properties": {
        "svgPathIndex": 124,
        "elementId": null,
        "category": "parking_marking",
        "fill": "none",
        "stroke": "#CCCCCC",
        "strokeWidth": 0.4,
        "__gm_id": "feature-1315",
        "__gm_shape": "line",
        "fillColor": "#8f623f",
        "outlineColor": "#cccccc",
        "level": "a1"
      },
      "id": "feature-1315"
    },
    {
      "type": "Feature",
      "geometry": {
        "type": "LineString",
        "coordinates": [
          [
            -113.99671913052596,
            46.86629813778584
          ],
          [
            -113.99669577463796,
            46.86634062328084
          ]
        ]
      },
      "properties": {
        "svgPathIndex": 125,
        "elementId": null,
        "category": "parking_marking",
        "fill": "none",
        "stroke": "#CCCCCC",
        "strokeWidth": 0.4,
        "__gm_id": "feature-1317",
        "__gm_shape": "line",
        "fillColor": "#8f623f",
        "outlineColor": "#cccccc",
        "level": "a1"
      },
      "id": "feature-1317"
    },
    {
      "type": "Feature",
      "geometry": {
        "type": "LineString",
        "coordinates": [
          [
            -113.99674951104997,
            46.86630595475684
          ],
          [
            -113.99672615516096,
            46.86634844024584
          ]
        ]
      },
      "properties": {
        "svgPathIndex": 126,
        "elementId": null,
        "category": "surface",
        "fill": "none",
        "stroke": "white",
        "strokeWidth": 0.2001,
        "__gm_id": "feature-1319",
        "__gm_shape": "line",
        "fillColor": "#8f623f",
        "outlineColor": "#cccccc",
        "level": "a1"
      },
      "id": "feature-1319"
    },
    {
      "type": "Feature",
      "geometry": {
        "type": "LineString",
        "coordinates": [
          [
            -113.99650691203496,
            46.866243111854835
          ],
          [
            -113.99648356043396,
            46.86628590569984
          ]
        ]
      },
      "properties": {
        "svgPathIndex": 127,
        "elementId": null,
        "category": "parking_marking",
        "fill": "none",
        "stroke": "#CCCCCC",
        "strokeWidth": 0.4,
        "__gm_id": "feature-1321",
        "__gm_shape": "line",
        "fillColor": "#8f623f",
        "outlineColor": "#cccccc",
        "level": "a1"
      },
      "id": "feature-1321"
    },
    {
      "type": "Feature",
      "geometry": {
        "type": "LineString",
        "coordinates": [
          [
            -113.99653729356896,
            46.866250927728835
          ],
          [
            -113.99651394198396,
            46.86629372266584
          ]
        ]
      },
      "properties": {
        "svgPathIndex": 128,
        "elementId": null,
        "category": "parking_marking",
        "fill": "none",
        "stroke": "#CCCCCC",
        "strokeWidth": 0.4,
        "__gm_id": "feature-1323",
        "__gm_shape": "line",
        "fillColor": "#8f623f",
        "outlineColor": "#cccccc",
        "level": "a1"
      },
      "id": "feature-1323"
    },
    {
      "type": "Feature",
      "geometry": {
        "type": "LineString",
        "coordinates": [
          [
            -113.99656767409296,
            46.86625874470684
          ],
          [
            -113.99654432249196,
            46.86630153854084
          ]
        ]
      },
      "properties": {
        "svgPathIndex": 129,
        "elementId": null,
        "category": "parking_marking",
        "fill": "none",
        "stroke": "#CCCCCC",
        "strokeWidth": 0.4,
        "__gm_id": "feature-1325",
        "__gm_shape": "line",
        "fillColor": "#8f623f",
        "outlineColor": "#cccccc",
        "level": "a1"
      },
      "id": "feature-1325"
    },
    {
      "type": "Feature",
      "geometry": {
        "type": "LineString",
        "coordinates": [
          [
            -113.99659805460097,
            46.86626656058684
          ],
          [
            -113.99657425154797,
            46.86630935761084
          ]
        ]
      },
      "properties": {
        "svgPathIndex": 130,
        "elementId": null,
        "category": "parking_marking",
        "fill": "none",
        "stroke": "#CCCCCC",
        "strokeWidth": 0.4,
        "__gm_id": "feature-1327",
        "__gm_shape": "line",
        "fillColor": "#8f623f",
        "outlineColor": "#cccccc",
        "level": "a1"
      },
      "id": "feature-1327"
    },
    {
      "type": "Feature",
      "geometry": {
        "type": "LineString",
        "coordinates": [
          [
            -113.99687103413896,
            46.86633722042784
          ],
          [
            -113.99684767823496,
            46.86637970479484
          ]
        ]
      },
      "properties": {
        "svgPathIndex": 131,
        "elementId": null,
        "category": "parking_marking",
        "fill": "none",
        "stroke": "#CCCCCC",
        "strokeWidth": 0.4,
        "__gm_id": "feature-1329",
        "__gm_shape": "line",
        "fillColor": "#8f623f",
        "outlineColor": "#cccccc",
        "level": "a1"
      },
      "id": "feature-1329"
    },
    {
      "type": "Feature",
      "geometry": {
        "type": "LineString",
        "coordinates": [
          [
            -113.99690141464696,
            46.86634503629584
          ],
          [
            -113.99687806407296,
            46.86638783005384
          ]
        ]
      },
      "properties": {
        "svgPathIndex": 132,
        "elementId": null,
        "category": "parking_marking",
        "fill": "none",
        "stroke": "#CCCCCC",
        "strokeWidth": 0.4,
        "__gm_id": "feature-1331",
        "__gm_shape": "line",
        "fillColor": "#8f623f",
        "outlineColor": "#cccccc",
        "level": "a1"
      },
      "id": "feature-1331"
    },
    {
      "type": "Feature",
      "geometry": {
        "type": "LineString",
        "coordinates": [
          [
            -113.99674951104997,
            46.86630595475684
          ],
          [
            -113.99672615516096,
            46.86634844024584
          ]
        ]
      },
      "properties": {
        "svgPathIndex": 133,
        "elementId": null,
        "category": "parking_marking",
        "fill": "none",
        "stroke": "#CCCCCC",
        "strokeWidth": 0.4,
        "__gm_id": "feature-1333",
        "__gm_shape": "line",
        "fillColor": "#8f623f",
        "outlineColor": "#cccccc",
        "level": "a1"
      },
      "id": "feature-1333"
    },
    {
      "type": "Feature",
      "geometry": {
        "type": "LineString",
        "coordinates": [
          [
            -113.99677989155796,
            46.866313770628835
          ],
          [
            -113.99675653669496,
            46.86635625610484
          ]
        ]
      },
      "properties": {
        "svgPathIndex": 134,
        "elementId": null,
        "category": "parking_marking",
        "fill": "none",
        "stroke": "#CCCCCC",
        "strokeWidth": 0.4,
        "__gm_id": "feature-1335",
        "__gm_shape": "line",
        "fillColor": "#8f623f",
        "outlineColor": "#cccccc",
        "level": "a1"
      },
      "id": "feature-1335"
    },
    {
      "type": "Feature",
      "geometry": {
        "type": "LineString",
        "coordinates": [
          [
            -113.99681027310696,
            46.86632158759084
          ],
          [
            -113.99678691720396,
            46.866364071970835
          ]
        ]
      },
      "properties": {
        "svgPathIndex": 135,
        "elementId": null,
        "category": "parking_marking",
        "fill": "none",
        "stroke": "#CCCCCC",
        "strokeWidth": 0.4,
        "__gm_id": "feature-1337",
        "__gm_shape": "line",
        "fillColor": "#8f623f",
        "outlineColor": "#cccccc",
        "level": "a1"
      },
      "id": "feature-1337"
    },
    {
      "type": "Feature",
      "geometry": {
        "type": "LineString",
        "coordinates": [
          [
            -113.99684065361596,
            46.86632940346184
          ],
          [
            -113.99681729772696,
            46.86637188893184
          ]
        ]
      },
      "properties": {
        "svgPathIndex": 136,
        "elementId": null,
        "category": "parking_marking",
        "fill": "none",
        "stroke": "#CCCCCC",
        "strokeWidth": 0.4,
        "__gm_id": "feature-1339",
        "__gm_shape": "line",
        "fillColor": "#8f623f",
        "outlineColor": "#cccccc",
        "level": "a1"
      },
      "id": "feature-1339"
    },
    {
      "type": "Feature",
      "geometry": {
        "type": "LineString",
        "coordinates": [
          [
            -113.99663644078596,
            46.86616774796484
          ],
          [
            -113.99661308489696,
            46.86621023356284
          ]
        ]
      },
      "properties": {
        "svgPathIndex": 137,
        "elementId": null,
        "category": "parking_marking",
        "fill": "none",
        "stroke": "#CCCCCC",
        "strokeWidth": 0.4,
        "__gm_id": "feature-1341",
        "__gm_shape": "line",
        "fillColor": "#8f623f",
        "outlineColor": "#cccccc",
        "level": "a1"
      },
      "id": "feature-1341"
    },
    {
      "type": "Feature",
      "geometry": {
        "type": "LineString",
        "coordinates": [
          [
            -113.99666682130896,
            46.86617556495484
          ],
          [
            -113.99664301825696,
            46.86621836205184
          ]
        ]
      },
      "properties": {
        "svgPathIndex": 138,
        "elementId": null,
        "category": "parking_marking",
        "fill": "none",
        "stroke": "#CCCCCC",
        "strokeWidth": 0.4,
        "__gm_id": "feature-1343",
        "__gm_shape": "line",
        "fillColor": "#8f623f",
        "outlineColor": "#cccccc",
        "level": "a1"
      },
      "id": "feature-1343"
    },
    {
      "type": "Feature",
      "geometry": {
        "type": "LineString",
        "coordinates": [
          [
            -113.99651491771196,
            46.86613648329184
          ],
          [
            -113.99649156180796,
            46.86617896781784
          ]
        ]
      },
      "properties": {
        "svgPathIndex": 139,
        "elementId": null,
        "category": "parking_marking",
        "fill": "none",
        "stroke": "#CCCCCC",
        "strokeWidth": 0.4,
        "__gm_id": "feature-1345",
        "__gm_shape": "line",
        "fillColor": "#8f623f",
        "outlineColor": "#cccccc",
        "level": "a1"
      },
      "id": "feature-1345"
    },
    {
      "type": "Feature",
      "geometry": {
        "type": "LineString",
        "coordinates": [
          [
            -113.99654529821996,
            46.86614429918884
          ],
          [
            -113.99652194233096,
            46.86618678480584
          ]
        ]
      },
      "properties": {
        "svgPathIndex": 140,
        "elementId": null,
        "category": "parking_marking",
        "fill": "none",
        "stroke": "#CCCCCC",
        "strokeWidth": 0.4,
        "__gm_id": "feature-1347",
        "__gm_shape": "line",
        "fillColor": "#8f623f",
        "outlineColor": "#cccccc",
        "level": "a1"
      },
      "id": "feature-1347"
    },
    {
      "type": "Feature",
      "geometry": {
        "type": "LineString",
        "coordinates": [
          [
            -113.99657567872796,
            46.86615211508584
          ],
          [
            -113.99655232386597,
            46.866194600688836
          ]
        ]
      },
      "properties": {
        "svgPathIndex": 141,
        "elementId": null,
        "category": "parking_marking",
        "fill": "none",
        "stroke": "#CCCCCC",
        "strokeWidth": 0.4,
        "__gm_id": "feature-1349",
        "__gm_shape": "line",
        "fillColor": "#8f623f",
        "outlineColor": "#cccccc",
        "level": "a1"
      },
      "id": "feature-1349"
    },
    {
      "type": "Feature",
      "geometry": {
        "type": "LineString",
        "coordinates": [
          [
            -113.99660606027797,
            46.866159932070836
          ],
          [
            -113.99658270438896,
            46.866202417674835
          ]
        ]
      },
      "properties": {
        "svgPathIndex": 142,
        "elementId": null,
        "category": "parking_marking",
        "fill": "none",
        "stroke": "#CCCCCC",
        "strokeWidth": 0.4,
        "__gm_id": "feature-1351",
        "__gm_shape": "line",
        "fillColor": "#8f623f",
        "outlineColor": "#cccccc",
        "level": "a1"
      },
      "id": "feature-1351"
    },
    {
      "type": "Feature",
      "geometry": {
        "type": "LineString",
        "coordinates": [
          [
            -113.99681827774296,
            46.866214958093835
          ],
          [
            -113.99679492287996,
            46.86625744364784
          ]
        ]
      },
      "properties": {
        "svgPathIndex": 143,
        "elementId": null,
        "category": "parking_marking",
        "fill": "none",
        "stroke": "#CCCCCC",
        "strokeWidth": 0.4,
        "__gm_id": "feature-1353",
        "__gm_shape": "line",
        "fillColor": "#8f623f",
        "outlineColor": "#cccccc",
        "level": "a1"
      },
      "id": "feature-1353"
    },
    {
      "type": "Feature",
      "geometry": {
        "type": "LineString",
        "coordinates": [
          [
            -113.99684865929196,
            46.866222775069836
          ],
          [
            -113.99682530340397,
            46.866265260624836
          ]
        ]
      },
      "properties": {
        "svgPathIndex": 144,
        "elementId": null,
        "category": "parking_marking",
        "fill": "none",
        "stroke": "#CCCCCC",
        "strokeWidth": 0.4,
        "__gm_id": "feature-1355",
        "__gm_shape": "line",
        "fillColor": "#8f623f",
        "outlineColor": "#cccccc",
        "level": "a1"
      },
      "id": "feature-1355"
    },
    {
      "type": "Feature",
      "geometry": {
        "type": "LineString",
        "coordinates": [
          [
            -113.99669720284396,
            46.866183380839836
          ],
          [
            -113.99667339876497,
            46.86622617793684
          ]
        ]
      },
      "properties": {
        "svgPathIndex": 145,
        "elementId": null,
        "category": "parking_marking",
        "fill": "none",
        "stroke": "#CCCCCC",
        "strokeWidth": 0.4,
        "__gm_id": "feature-1357",
        "__gm_shape": "line",
        "fillColor": "#8f623f",
        "outlineColor": "#cccccc",
        "level": "a1"
      },
      "id": "feature-1357"
    },
    {
      "type": "Feature",
      "geometry": {
        "type": "LineString",
        "coordinates": [
          [
            -113.99672713191497,
            46.86619120102484
          ],
          [
            -113.99670378031396,
            46.86623399491184
          ]
        ]
      },
      "properties": {
        "svgPathIndex": 146,
        "elementId": null,
        "category": "parking_marking",
        "fill": "none",
        "stroke": "#CCCCCC",
        "strokeWidth": 0.4,
        "__gm_id": "feature-1359",
        "__gm_shape": "line",
        "fillColor": "#8f623f",
        "outlineColor": "#cccccc",
        "level": "a1"
      },
      "id": "feature-1359"
    },
    {
      "type": "Feature",
      "geometry": {
        "type": "LineString",
        "coordinates": [
          [
            -113.99675751242296,
            46.86619901691384
          ],
          [
            -113.99673416082297,
            46.86624181079484
          ]
        ]
      },
      "properties": {
        "svgPathIndex": 147,
        "elementId": null,
        "category": "parking_marking",
        "fill": "none",
        "stroke": "#CCCCCC",
        "strokeWidth": 0.4,
        "__gm_id": "feature-1361",
        "__gm_shape": "line",
        "fillColor": "#8f623f",
        "outlineColor": "#cccccc",
        "level": "a1"
      },
      "id": "feature-1361"
    },
    {
      "type": "Feature",
      "geometry": {
        "type": "LineString",
        "coordinates": [
          [
            -113.99678789723497,
            46.86620714220684
          ],
          [
            -113.99676454134597,
            46.86624962777384
          ]
        ]
      },
      "properties": {
        "svgPathIndex": 148,
        "elementId": null,
        "category": "parking_marking",
        "fill": "none",
        "stroke": "#CCCCCC",
        "strokeWidth": 0.4,
        "__gm_id": "feature-1363",
        "__gm_shape": "line",
        "fillColor": "#8f623f",
        "outlineColor": "#cccccc",
        "level": "a1"
      },
      "id": "feature-1363"
    },
    {
      "type": "Feature",
      "geometry": {
        "type": "LineString",
        "coordinates": [
          [
            -113.99690942032396,
            46.86623840793584
          ],
          [
            -113.99688606441997,
            46.866280892380836
          ]
        ]
      },
      "properties": {
        "svgPathIndex": 149,
        "elementId": null,
        "category": "parking_marking",
        "fill": "none",
        "stroke": "#CCCCCC",
        "strokeWidth": 0.4,
        "__gm_id": "feature-1365",
        "__gm_shape": "line",
        "fillColor": "#8f623f",
        "outlineColor": "#cccccc",
        "level": "a1"
      },
      "id": "feature-1365"
    },
    {
      "type": "Feature",
      "geometry": {
        "type": "LineString",
        "coordinates": [
          [
            -113.99693980083197,
            46.86624622381884
          ],
          [
            -113.99691644596996,
            46.866288709347835
          ]
        ]
      },
      "properties": {
        "svgPathIndex": 150,
        "elementId": null,
        "category": "parking_marking",
        "fill": "none",
        "stroke": "#CCCCCC",
        "strokeWidth": 0.4,
        "__gm_id": "feature-1367",
        "__gm_shape": "line",
        "fillColor": "#8f623f",
        "outlineColor": "#cccccc",
        "level": "a1"
      },
      "id": "feature-1367"
    },
    {
      "type": "Feature",
      "geometry": {
        "type": "LineString",
        "coordinates": [
          [
            -113.99687903980096,
            46.866230590954835
          ],
          [
            -113.99685568391196,
            46.86627307650384
          ]
        ]
      },
      "properties": {
        "svgPathIndex": 151,
        "elementId": null,
        "category": "parking_marking",
        "fill": "none",
        "stroke": "#CCCCCC",
        "strokeWidth": 0.4,
        "__gm_id": "feature-1369",
        "__gm_shape": "line",
        "fillColor": "#8f623f",
        "outlineColor": "#cccccc",
        "level": "a1"
      },
      "id": "feature-1369"
    },
    {
      "type": "Feature",
      "geometry": {
        "type": "LineString",
        "coordinates": [
          [
            -113.99698922542896,
            46.86625884810284
          ],
          [
            -113.99696586953996,
            46.86630133362884
          ]
        ]
      },
      "properties": {
        "svgPathIndex": 152,
        "elementId": null,
        "category": "parking_marking",
        "fill": "none",
        "stroke": "#CCCCCC",
        "strokeWidth": 0.4,
        "__gm_id": "feature-1371",
        "__gm_shape": "line",
        "fillColor": "#8f623f",
        "outlineColor": "#cccccc",
        "level": "a1"
      },
      "id": "feature-1371"
    },
    {
      "type": "Feature",
      "geometry": {
        "type": "LineString",
        "coordinates": [
          [
            -113.99701960593697,
            46.866266663982834
          ],
          [
            -113.99699625004897,
            46.86630914950284
          ]
        ]
      },
      "properties": {
        "svgPathIndex": 153,
        "elementId": null,
        "category": "parking_marking",
        "fill": "none",
        "stroke": "#CCCCCC",
        "strokeWidth": 0.4,
        "__gm_id": "feature-1373",
        "__gm_shape": "line",
        "fillColor": "#8f623f",
        "outlineColor": "#cccccc",
        "level": "a1"
      },
      "id": "feature-1373"
    },
    {
      "type": "Feature",
      "geometry": {
        "type": "LineString",
        "coordinates": [
          [
            -113.99695884490596,
            46.86625103112484
          ],
          [
            -113.99693548901696,
            46.86629351665684
          ]
        ]
      },
      "properties": {
        "svgPathIndex": 154,
        "elementId": null,
        "category": "parking_marking",
        "fill": "none",
        "stroke": "#CCCCCC",
        "strokeWidth": 0.4,
        "__gm_id": "feature-1375",
        "__gm_shape": "line",
        "fillColor": "#8f623f",
        "outlineColor": "#cccccc",
        "level": "a1"
      },
      "id": "feature-1375"
    },
    {
      "type": "Feature",
      "geometry": {
        "type": "LineString",
        "coordinates": [
          [
            -113.99638352238796,
            46.86617510021484
          ],
          [
            -113.99638245665597,
            46.86613093422384
          ]
        ]
      },
      "properties": {
        "svgPathIndex": 155,
        "elementId": null,
        "category": "parking_marking",
        "fill": "none",
        "stroke": "#CCCCCC",
        "strokeWidth": 0.4,
        "__gm_id": "feature-1377",
        "__gm_shape": "line",
        "fillColor": "#8f623f",
        "outlineColor": "#cccccc",
        "level": "a1"
      },
      "id": "feature-1377"
    },
    {
      "type": "Feature",
      "geometry": {
        "type": "LineString",
        "coordinates": [
          [
            -113.99635054279597,
            46.866175333779836
          ],
          [
            -113.99634992851597,
            46.866131164591835
          ]
        ]
      },
      "properties": {
        "svgPathIndex": 156,
        "elementId": null,
        "category": "parking_marking",
        "fill": "none",
        "stroke": "#CCCCCC",
        "strokeWidth": 0.4,
        "__gm_id": "feature-1379",
        "__gm_shape": "line",
        "fillColor": "#8f623f",
        "outlineColor": "#cccccc",
        "level": "a1"
      },
      "id": "feature-1379"
    },
    {
      "type": "Feature",
      "geometry": {
        "type": "LineString",
        "coordinates": [
          [
            -113.99631801465696,
            46.866175564146836
          ],
          [
            -113.99631740037697,
            46.86613139495984
          ]
        ]
      },
      "properties": {
        "svgPathIndex": 157,
        "elementId": null,
        "category": "parking_marking",
        "fill": "none",
        "stroke": "#CCCCCC",
        "strokeWidth": 0.4,
        "__gm_id": "feature-1381",
        "__gm_shape": "line",
        "fillColor": "#8f623f",
        "outlineColor": "#cccccc",
        "level": "a1"
      },
      "id": "feature-1381"
    },
    {
      "type": "Feature",
      "geometry": {
        "type": "LineString",
        "coordinates": [
          [
            -113.99628548651697,
            46.86617579451484
          ],
          [
            -113.99628442078496,
            46.86613162852484
          ]
        ]
      },
      "properties": {
        "svgPathIndex": 158,
        "elementId": null,
        "category": "parking_marking",
        "fill": "none",
        "stroke": "#CCCCCC",
        "strokeWidth": 0.4,
        "__gm_id": "feature-1383",
        "__gm_shape": "line",
        "fillColor": "#8f623f",
        "outlineColor": "#cccccc",
        "level": "a1"
      },
      "id": "feature-1383"
    },
    {
      "type": "Feature",
      "geometry": {
        "type": "LineString",
        "coordinates": [
          [
            -113.99625295940297,
            46.86617602487484
          ],
          [
            -113.99625189264496,
            46.866131858892835
          ]
        ]
      },
      "properties": {
        "svgPathIndex": 159,
        "elementId": null,
        "category": "parking_marking",
        "fill": "none",
        "stroke": "#CCCCCC",
        "strokeWidth": 0.4,
        "__gm_id": "feature-1385",
        "__gm_shape": "line",
        "fillColor": "#8f623f",
        "outlineColor": "#cccccc",
        "level": "a1"
      },
      "id": "feature-1385"
    },
    {
      "type": "Feature",
      "geometry": {
        "type": "LineString",
        "coordinates": [
          [
            -113.99621997878596,
            46.866176258446835
          ],
          [
            -113.99621936450497,
            46.866132089259835
          ]
        ]
      },
      "properties": {
        "svgPathIndex": 160,
        "elementId": null,
        "category": "parking_marking",
        "fill": "none",
        "stroke": "#CCCCCC",
        "strokeWidth": 0.4,
        "__gm_id": "feature-1387",
        "__gm_shape": "line",
        "fillColor": "#8f623f",
        "outlineColor": "#cccccc",
        "level": "a1"
      },
      "id": "feature-1387"
    },
    {
      "type": "Feature",
      "geometry": {
        "type": "LineString",
        "coordinates": [
          [
            -113.99618745064596,
            46.86617648881484
          ],
          [
            -113.99618683636596,
            46.86613231962784
          ]
        ]
      },
      "properties": {
        "svgPathIndex": 161,
        "elementId": null,
        "category": "parking_marking",
        "fill": "none",
        "stroke": "#CCCCCC",
        "strokeWidth": 0.4,
        "__gm_id": "feature-1389",
        "__gm_shape": "line",
        "fillColor": "#8f623f",
        "outlineColor": "#cccccc",
        "level": "a1"
      },
      "id": "feature-1389"
    },
    {
      "type": "Feature",
      "geometry": {
        "type": "LineString",
        "coordinates": [
          [
            -113.99615492353196,
            46.86617671917484
          ],
          [
            -113.99615385677396,
            46.86613255319284
          ]
        ]
      },
      "properties": {
        "svgPathIndex": 162,
        "elementId": null,
        "category": "parking_marking",
        "fill": "none",
        "stroke": "#CCCCCC",
        "strokeWidth": 0.4,
        "__gm_id": "feature-1391",
        "__gm_shape": "line",
        "fillColor": "#8f623f",
        "outlineColor": "#cccccc",
        "level": "a1"
      },
      "id": "feature-1391"
    },
    {
      "type": "Feature",
      "geometry": {
        "type": "LineString",
        "coordinates": [
          [
            -113.99612239539196,
            46.86617694954284
          ],
          [
            -113.99612132863396,
            46.866132783560836
          ]
        ]
      },
      "properties": {
        "svgPathIndex": 163,
        "elementId": null,
        "category": "parking_marking",
        "fill": "none",
        "stroke": "#CCCCCC",
        "strokeWidth": 0.4,
        "__gm_id": "feature-1393",
        "__gm_shape": "line",
        "fillColor": "#8f623f",
        "outlineColor": "#cccccc",
        "level": "a1"
      },
      "id": "feature-1393"
    },
    {
      "type": "Feature",
      "geometry": {
        "type": "LineString",
        "coordinates": [
          [
            -113.99608941580097,
            46.86617718310784
          ],
          [
            -113.99608880152097,
            46.86613301392184
          ]
        ]
      },
      "properties": {
        "svgPathIndex": 164,
        "elementId": null,
        "category": "parking_marking",
        "fill": "none",
        "stroke": "#CCCCCC",
        "strokeWidth": 0.4,
        "__gm_id": "feature-1395",
        "__gm_shape": "line",
        "fillColor": "#8f623f",
        "outlineColor": "#cccccc",
        "level": "a1"
      },
      "id": "feature-1395"
    },
    {
      "type": "Feature",
      "geometry": {
        "type": "LineString",
        "coordinates": [
          [
            -113.99605688766097,
            46.86617741347484
          ],
          [
            -113.99605627338096,
            46.86613324428884
          ]
        ]
      },
      "properties": {
        "svgPathIndex": 165,
        "elementId": null,
        "category": "parking_marking",
        "fill": "none",
        "stroke": "#CCCCCC",
        "strokeWidth": 0.4,
        "__gm_id": "feature-1397",
        "__gm_shape": "line",
        "fillColor": "#8f623f",
        "outlineColor": "#cccccc",
        "level": "a1"
      },
      "id": "feature-1397"
    },
    {
      "type": "Feature",
      "geometry": {
        "type": "LineString",
        "coordinates": [
          [
            -113.99602435952096,
            46.86617764384284
          ],
          [
            -113.99602329378897,
            46.866133477853836
          ]
        ]
      },
      "properties": {
        "svgPathIndex": 166,
        "elementId": null,
        "category": "parking_marking",
        "fill": "none",
        "stroke": "#CCCCCC",
        "strokeWidth": 0.4,
        "__gm_id": "feature-1399",
        "__gm_shape": "line",
        "fillColor": "#8f623f",
        "outlineColor": "#cccccc",
        "level": "a1"
      },
      "id": "feature-1399"
    },
    {
      "type": "Feature",
      "geometry": {
        "type": "LineString",
        "coordinates": [
          [
            -113.99599183138196,
            46.86617787420984
          ],
          [
            -113.99599076564897,
            46.86613370822184
          ]
        ]
      },
      "properties": {
        "svgPathIndex": 167,
        "elementId": null,
        "category": "parking_marking",
        "fill": "none",
        "stroke": "#CCCCCC",
        "strokeWidth": 0.4,
        "__gm_id": "feature-1401",
        "__gm_shape": "line",
        "fillColor": "#8f623f",
        "outlineColor": "#cccccc",
        "level": "a1"
      },
      "id": "feature-1401"
    },
    {
      "type": "Feature",
      "geometry": {
        "type": "LineString",
        "coordinates": [
          [
            -113.99595930324196,
            46.86617810457784
          ],
          [
            -113.99595823750997,
            46.86613393858984
          ]
        ]
      },
      "properties": {
        "svgPathIndex": 168,
        "elementId": null,
        "category": "parking_marking",
        "fill": "none",
        "stroke": "#CCCCCC",
        "strokeWidth": 0.4,
        "__gm_id": "feature-1403",
        "__gm_shape": "line",
        "fillColor": "#8f623f",
        "outlineColor": "#cccccc",
        "level": "a1"
      },
      "id": "feature-1403"
    },
    {
      "type": "Feature",
      "geometry": {
        "type": "LineString",
        "coordinates": [
          [
            -113.99592632364997,
            46.86617833814284
          ],
          [
            -113.99592570936996,
            46.866134168957835
          ]
        ]
      },
      "properties": {
        "svgPathIndex": 169,
        "elementId": null,
        "category": "parking_marking",
        "fill": "none",
        "stroke": "#CCCCCC",
        "strokeWidth": 0.4,
        "__gm_id": "feature-1405",
        "__gm_shape": "line",
        "fillColor": "#8f623f",
        "outlineColor": "#cccccc",
        "level": "a1"
      },
      "id": "feature-1405"
    },
    {
      "type": "Feature",
      "geometry": {
        "type": "LineString",
        "coordinates": [
          [
            -113.99589379550996,
            46.86617856850984
          ],
          [
            -113.99589318122996,
            46.86613439932584
          ]
        ]
      },
      "properties": {
        "svgPathIndex": 170,
        "elementId": null,
        "category": "parking_marking",
        "fill": "none",
        "stroke": "#CCCCCC",
        "strokeWidth": 0.4,
        "__gm_id": "feature-1407",
        "__gm_shape": "line",
        "fillColor": "#8f623f",
        "outlineColor": "#cccccc",
        "level": "a1"
      },
      "id": "feature-1407"
    },
    {
      "type": "Feature",
      "geometry": {
        "type": "LineString",
        "coordinates": [
          [
            -113.99586126737097,
            46.86617879887784
          ],
          [
            -113.99586020163896,
            46.86613463289084
          ]
        ]
      },
      "properties": {
        "svgPathIndex": 171,
        "elementId": null,
        "category": "parking_marking",
        "fill": "none",
        "stroke": "#CCCCCC",
        "strokeWidth": 0.4,
        "__gm_id": "feature-1409",
        "__gm_shape": "line",
        "fillColor": "#8f623f",
        "outlineColor": "#cccccc",
        "level": "a1"
      },
      "id": "feature-1409"
    },
    {
      "type": "Feature",
      "geometry": {
        "type": "LineString",
        "coordinates": [
          [
            -113.99578231197596,
            46.866284384850836
          ],
          [
            -113.99571816392996,
            46.86628514858684
          ]
        ]
      },
      "properties": {
        "svgPathIndex": 172,
        "elementId": null,
        "category": "parking_marking",
        "fill": "none",
        "stroke": "#CCCCCC",
        "strokeWidth": 0.4,
        "__gm_id": "feature-1411",
        "__gm_shape": "line",
        "fillColor": "#8f623f",
        "outlineColor": "#cccccc",
        "level": "a1"
      },
      "id": "feature-1411"
    },
    {
      "type": "Feature",
      "geometry": {
        "type": "LineString",
        "coordinates": [
          [
            -113.99578262125996,
            46.86630662353884
          ],
          [
            -113.99571847321397,
            46.86630738727584
          ]
        ]
      },
      "properties": {
        "svgPathIndex": 173,
        "elementId": null,
        "category": "parking_marking",
        "fill": "none",
        "stroke": "#CCCCCC",
        "strokeWidth": 0.4,
        "__gm_id": "feature-1413",
        "__gm_shape": "line",
        "fillColor": "#8f623f",
        "outlineColor": "#cccccc",
        "level": "a1"
      },
      "id": "feature-1413"
    },
    {
      "type": "Feature",
      "geometry": {
        "type": "LineString",
        "coordinates": [
          [
            -113.99578293484696,
            46.86632917162284
          ],
          [
            -113.99571878249796,
            46.86632962595484
          ]
        ]
      },
      "properties": {
        "svgPathIndex": 174,
        "elementId": null,
        "category": "parking_marking",
        "fill": "none",
        "stroke": "#CCCCCC",
        "strokeWidth": 0.4,
        "__gm_id": "feature-1415",
        "__gm_shape": "line",
        "fillColor": "#8f623f",
        "outlineColor": "#cccccc",
        "level": "a1"
      },
      "id": "feature-1415"
    },
    {
      "type": "Feature",
      "geometry": {
        "type": "LineString",
        "coordinates": [
          [
            -113.99578324413096,
            46.866351410292836
          ],
          [
            -113.99571909178196,
            46.86635186462484
          ]
        ]
      },
      "properties": {
        "svgPathIndex": 175,
        "elementId": null,
        "category": "parking_marking",
        "fill": "none",
        "stroke": "#CCCCCC",
        "strokeWidth": 0.4,
        "__gm_id": "feature-1417",
        "__gm_shape": "line",
        "fillColor": "#8f623f",
        "outlineColor": "#cccccc",
        "level": "a1"
      },
      "id": "feature-1417"
    },
    {
      "type": "Feature",
      "geometry": {
        "type": "LineString",
        "coordinates": [
          [
            -113.99578355342996,
            46.86637365005084
          ],
          [
            -113.99571940536796,
            46.866374412688835
          ]
        ]
      },
      "properties": {
        "svgPathIndex": 176,
        "elementId": null,
        "category": "parking_marking",
        "fill": "none",
        "stroke": "#CCCCCC",
        "strokeWidth": 0.4,
        "__gm_id": "feature-1419",
        "__gm_shape": "line",
        "fillColor": "#8f623f",
        "outlineColor": "#cccccc",
        "level": "a1"
      },
      "id": "feature-1419"
    },
    {
      "type": "Feature",
      "geometry": {
        "type": "LineString",
        "coordinates": [
          [
            -113.99571785034296,
            46.86626260048584
          ],
          [
            -113.99571726469996,
            46.86625302861584
          ],
          [
            -113.99578412352496,
            46.86625224677784
          ],
          [
            -113.99578426097796,
            46.86626213015884
          ],
          [
            -113.99571785034296,
            46.86626260048584
          ]
        ]
      },
      "properties": {
        "svgPathIndex": 177,
        "elementId": null,
        "category": "parking_marking",
        "fill": "none",
        "stroke": "#CCCCCC",
        "strokeWidth": 0.4,
        "__gm_id": "feature-1421",
        "__gm_shape": "line",
        "fillColor": "#8f623f",
        "outlineColor": "#cccccc",
        "level": "a1"
      },
      "id": "feature-1421"
    },
    {
      "type": "Feature",
      "geometry": {
        "type": "LineString",
        "coordinates": [
          [
            -113.99578426097796,
            46.86626213015884
          ],
          [
            -113.99577553978196,
            46.866252307568836
          ]
        ]
      },
      "properties": {
        "svgPathIndex": 178,
        "elementId": null,
        "category": "parking_marking",
        "fill": "none",
        "stroke": "#CCCCCC",
        "strokeWidth": 0.4,
        "__gm_id": "feature-1423",
        "__gm_shape": "line",
        "fillColor": "#8f623f",
        "outlineColor": "#cccccc",
        "level": "a1"
      },
      "id": "feature-1423"
    },
    {
      "type": "Feature",
      "geometry": {
        "type": "LineString",
        "coordinates": [
          [
            -113.99577477433097,
            46.86626219734484
          ],
          [
            -113.99576605313396,
            46.866252374754836
          ]
        ]
      },
      "properties": {
        "svgPathIndex": 179,
        "elementId": null,
        "category": "parking_marking",
        "fill": "none",
        "stroke": "#CCCCCC",
        "strokeWidth": 0.4,
        "__gm_id": "feature-1425",
        "__gm_shape": "line",
        "fillColor": "#8f623f",
        "outlineColor": "#cccccc",
        "level": "a1"
      },
      "id": "feature-1425"
    },
    {
      "type": "Feature",
      "geometry": {
        "type": "LineString",
        "coordinates": [
          [
            -113.99576528665696,
            46.866262264536836
          ],
          [
            -113.99575656546097,
            46.86625244194684
          ]
        ]
      },
      "properties": {
        "svgPathIndex": 180,
        "elementId": null,
        "category": "parking_marking",
        "fill": "none",
        "stroke": "#CCCCCC",
        "strokeWidth": 0.4,
        "__gm_id": "feature-1427",
        "__gm_shape": "line",
        "fillColor": "#8f623f",
        "outlineColor": "#cccccc",
        "level": "a1"
      },
      "id": "feature-1427"
    },
    {
      "type": "Feature",
      "geometry": {
        "type": "LineString",
        "coordinates": [
          [
            -113.99575579898396,
            46.866262331729835
          ],
          [
            -113.99574753026596,
            46.86625250593484
          ]
        ]
      },
      "properties": {
        "svgPathIndex": 181,
        "elementId": null,
        "category": "parking_marking",
        "fill": "none",
        "stroke": "#CCCCCC",
        "strokeWidth": 0.4,
        "__gm_id": "feature-1429",
        "__gm_shape": "line",
        "fillColor": "#8f623f",
        "outlineColor": "#cccccc",
        "level": "a1"
      },
      "id": "feature-1429"
    },
    {
      "type": "Feature",
      "geometry": {
        "type": "LineString",
        "coordinates": [
          [
            -113.99574631233696,
            46.866262398914834
          ],
          [
            -113.99573804259197,
            46.86625257312784
          ]
        ]
      },
      "properties": {
        "svgPathIndex": 182,
        "elementId": null,
        "category": "parking_marking",
        "fill": "none",
        "stroke": "#CCCCCC",
        "strokeWidth": 0.4,
        "__gm_id": "feature-1431",
        "__gm_shape": "line",
        "fillColor": "#8f623f",
        "outlineColor": "#cccccc",
        "level": "a1"
      },
      "id": "feature-1431"
    },
    {
      "type": "Feature",
      "geometry": {
        "type": "LineString",
        "coordinates": [
          [
            -113.99573727611497,
            46.86626246290984
          ],
          [
            -113.99572855491897,
            46.866252640319836
          ]
        ]
      },
      "properties": {
        "svgPathIndex": 183,
        "elementId": null,
        "category": "parking_marking",
        "fill": "none",
        "stroke": "#CCCCCC",
        "strokeWidth": 0.4,
        "__gm_id": "feature-1433",
        "__gm_shape": "line",
        "fillColor": "#8f623f",
        "outlineColor": "#cccccc",
        "level": "a1"
      },
      "id": "feature-1433"
    },
    {
      "type": "Feature",
      "geometry": {
        "type": "LineString",
        "coordinates": [
          [
            -113.99572778946796,
            46.86626253009584
          ],
          [
            -113.99571907255996,
            46.86625301581284
          ]
        ]
      },
      "properties": {
        "svgPathIndex": 184,
        "elementId": null,
        "category": "parking_marking",
        "fill": "none",
        "stroke": "#CCCCCC",
        "strokeWidth": 0.4,
        "__gm_id": "feature-1435",
        "__gm_shape": "line",
        "fillColor": "#8f623f",
        "outlineColor": "#cccccc",
        "level": "a1"
      },
      "id": "feature-1435"
    },
    {
      "type": "Feature",
      "geometry": {
        "type": "LineString",
        "coordinates": [
          [
            -113.99710243498096,
            46.866342067677834
          ],
          [
            -113.99703783015296,
            46.86634252521384
          ]
        ]
      },
      "properties": {
        "svgPathIndex": 185,
        "elementId": null,
        "category": "parking_marking",
        "fill": "none",
        "stroke": "#CCCCCC",
        "strokeWidth": 0.4,
        "__gm_id": "feature-1437",
        "__gm_shape": "line",
        "fillColor": "#8f623f",
        "outlineColor": "#cccccc",
        "level": "a1"
      },
      "id": "feature-1437"
    },
    {
      "type": "Feature",
      "geometry": {
        "type": "LineString",
        "coordinates": [
          [
            -113.99710274856797,
            46.86636461574584
          ],
          [
            -113.99703813945196,
            46.866364764975835
          ]
        ]
      },
      "properties": {
        "svgPathIndex": 186,
        "elementId": null,
        "category": "parking_marking",
        "fill": "none",
        "stroke": "#CCCCCC",
        "strokeWidth": 0.4,
        "__gm_id": "feature-1439",
        "__gm_shape": "line",
        "fillColor": "#8f623f",
        "outlineColor": "#cccccc",
        "level": "a1"
      },
      "id": "feature-1439"
    },
    {
      "type": "Feature",
      "geometry": {
        "type": "LineString",
        "coordinates": [
          [
            -113.99710319531997,
            46.86639673885484
          ],
          [
            -113.99703677935496,
            46.86639689978384
          ],
          [
            -113.99703664190196,
            46.866387016427836
          ],
          [
            -113.99710305785196,
            46.86638685440184
          ],
          [
            -113.99710319531997,
            46.86639673885484
          ]
        ]
      },
      "properties": {
        "svgPathIndex": 187,
        "elementId": null,
        "category": "parking_marking",
        "fill": "none",
        "stroke": "#CCCCCC",
        "strokeWidth": 0.4,
        "__gm_id": "feature-1441",
        "__gm_shape": "line",
        "fillColor": "#8f623f",
        "outlineColor": "#cccccc",
        "level": "a1"
      },
      "id": "feature-1441"
    },
    {
      "type": "Feature",
      "geometry": {
        "type": "LineString",
        "coordinates": [
          [
            -113.99704522993396,
            46.86638726394284
          ],
          [
            -113.99703677935496,
            46.86639689978384
          ]
        ]
      },
      "properties": {
        "svgPathIndex": 188,
        "elementId": null,
        "category": "parking_marking",
        "fill": "none",
        "stroke": "#CCCCCC",
        "strokeWidth": 0.4,
        "__gm_id": "feature-1443",
        "__gm_shape": "line",
        "fillColor": "#8f623f",
        "outlineColor": "#cccccc",
        "level": "a1"
      },
      "id": "feature-1443"
    },
    {
      "type": "Feature",
      "geometry": {
        "type": "LineString",
        "coordinates": [
          [
            -113.99705471760696,
            46.866387196750836
          ],
          [
            -113.99704627133197,
            46.86639714199484
          ]
        ]
      },
      "properties": {
        "svgPathIndex": 189,
        "elementId": null,
        "category": "parking_marking",
        "fill": "none",
        "stroke": "#CCCCCC",
        "strokeWidth": 0.4,
        "__gm_id": "feature-1445",
        "__gm_shape": "line",
        "fillColor": "#8f623f",
        "outlineColor": "#cccccc",
        "level": "a1"
      },
      "id": "feature-1445"
    },
    {
      "type": "Feature",
      "geometry": {
        "type": "LineString",
        "coordinates": [
          [
            -113.99706375280196,
            46.86638713276284
          ],
          [
            -113.99705575797897,
            46.86639707480984
          ]
        ]
      },
      "properties": {
        "svgPathIndex": 190,
        "elementId": null,
        "category": "parking_marking",
        "fill": "none",
        "stroke": "#CCCCCC",
        "strokeWidth": 0.4,
        "__gm_id": "feature-1447",
        "__gm_shape": "line",
        "fillColor": "#8f623f",
        "outlineColor": "#cccccc",
        "level": "a1"
      },
      "id": "feature-1447"
    },
    {
      "type": "Feature",
      "geometry": {
        "type": "LineString",
        "coordinates": [
          [
            -113.99707324047596,
            46.86638706556984
          ],
          [
            -113.99706524565197,
            46.86639700761684
          ]
        ]
      },
      "properties": {
        "svgPathIndex": 191,
        "elementId": null,
        "category": "parking_marking",
        "fill": "none",
        "stroke": "#CCCCCC",
        "strokeWidth": 0.4,
        "__gm_id": "feature-1449",
        "__gm_shape": "line",
        "fillColor": "#8f623f",
        "outlineColor": "#cccccc",
        "level": "a1"
      },
      "id": "feature-1449"
    },
    {
      "type": "Feature",
      "geometry": {
        "type": "LineString",
        "coordinates": [
          [
            -113.99708272712296,
            46.86638699838484
          ],
          [
            -113.99707428084797,
            46.866396943628835
          ]
        ]
      },
      "properties": {
        "svgPathIndex": 192,
        "elementId": null,
        "category": "parking_marking",
        "fill": "none",
        "stroke": "#CCCCCC",
        "strokeWidth": 0.4,
        "__gm_id": "feature-1451",
        "__gm_shape": "line",
        "fillColor": "#8f623f",
        "outlineColor": "#cccccc",
        "level": "a1"
      },
      "id": "feature-1451"
    },
    {
      "type": "Feature",
      "geometry": {
        "type": "LineString",
        "coordinates": [
          [
            -113.99709221479597,
            46.866386931192835
          ],
          [
            -113.99708376852097,
            46.86639687643684
          ]
        ]
      },
      "properties": {
        "svgPathIndex": 193,
        "elementId": null,
        "category": "parking_marking",
        "fill": "none",
        "stroke": "#CCCCCC",
        "strokeWidth": 0.4,
        "__gm_id": "feature-1453",
        "__gm_shape": "line",
        "fillColor": "#8f623f",
        "outlineColor": "#cccccc",
        "level": "a1"
      },
      "id": "feature-1453"
    },
    {
      "type": "Feature",
      "geometry": {
        "type": "LineString",
        "coordinates": [
          [
            -113.99710124999196,
            46.86638686720484
          ],
          [
            -113.99709325619396,
            46.86639680924484
          ]
        ]
      },
      "properties": {
        "svgPathIndex": 194,
        "elementId": null,
        "category": "parking_marking",
        "fill": "none",
        "stroke": "#CCCCCC",
        "strokeWidth": 0.4,
        "__gm_id": "feature-1455",
        "__gm_shape": "line",
        "fillColor": "#8f623f",
        "outlineColor": "#cccccc",
        "level": "a1"
      },
      "id": "feature-1455"
    },
    {
      "type": "Feature",
      "geometry": {
        "type": "LineString",
        "coordinates": [
          [
            -113.99649097913696,
            46.86646192800484
          ],
          [
            -113.99646762753596,
            46.86650472167684
          ]
        ]
      },
      "properties": {
        "svgPathIndex": 149,
        "elementId": null,
        "category": "parking_marking",
        "fill": "none",
        "stroke": "#CCCCCC",
        "strokeWidth": 0.4,
        "__gm_id": "feature-307",
        "__gm_shape": "line",
        "fillColor": "#8f623f",
        "outlineColor": "#cccccc",
        "level": "a1"
      },
      "id": "feature-307"
    },
    {
      "type": "Feature",
      "geometry": {
        "type": "LineString",
        "coordinates": [
          [
            -113.99664288702196,
            46.86650131773684
          ],
          [
            -113.99661953113396,
            46.866543803071835
          ]
        ]
      },
      "properties": {
        "svgPathIndex": 150,
        "elementId": null,
        "category": "parking_marking",
        "fill": "none",
        "stroke": "#CCCCCC",
        "strokeWidth": 0.4,
        "__gm_id": "feature-309",
        "__gm_shape": "line",
        "fillColor": "#8f623f",
        "outlineColor": "#cccccc",
        "level": "a1"
      },
      "id": "feature-309"
    },
    {
      "type": "Feature",
      "geometry": {
        "type": "LineString",
        "coordinates": [
          [
            -113.99667326754596,
            46.866509134678836
          ],
          [
            -113.99664991266796,
            46.86655161890284
          ]
        ]
      },
      "properties": {
        "svgPathIndex": 151,
        "elementId": null,
        "category": "parking_marking",
        "fill": "none",
        "stroke": "#CCCCCC",
        "strokeWidth": 0.4,
        "__gm_id": "feature-311",
        "__gm_shape": "line",
        "fillColor": "#8f623f",
        "outlineColor": "#cccccc",
        "level": "a1"
      },
      "id": "feature-311"
    },
    {
      "type": "Feature",
      "geometry": {
        "type": "LineString",
        "coordinates": [
          [
            -113.99670364907996,
            46.866516950514836
          ],
          [
            -113.99667984173996,
            46.866559439033836
          ]
        ]
      },
      "properties": {
        "svgPathIndex": 152,
        "elementId": null,
        "category": "parking_marking",
        "fill": "none",
        "stroke": "#CCCCCC",
        "strokeWidth": 0.4,
        "__gm_id": "feature-313",
        "__gm_shape": "line",
        "fillColor": "#8f623f",
        "outlineColor": "#cccccc",
        "level": "a1"
      },
      "id": "feature-313"
    },
    {
      "type": "Feature",
      "geometry": {
        "type": "LineString",
        "coordinates": [
          [
            -113.99673402960396,
            46.86652476745384
          ],
          [
            -113.99671022224797,
            46.866567254869835
          ]
        ]
      },
      "properties": {
        "svgPathIndex": 153,
        "elementId": null,
        "category": "parking_marking",
        "fill": "none",
        "stroke": "#CCCCCC",
        "strokeWidth": 0.4,
        "__gm_id": "feature-315",
        "__gm_shape": "line",
        "fillColor": "#8f623f",
        "outlineColor": "#cccccc",
        "level": "a1"
      },
      "id": "feature-315"
    },
    {
      "type": "Feature",
      "geometry": {
        "type": "LineString",
        "coordinates": [
          [
            -113.99676576978196,
            46.866532882001835
          ],
          [
            -113.99674241819596,
            46.86657567671284
          ]
        ]
      },
      "properties": {
        "svgPathIndex": 154,
        "elementId": null,
        "category": "parking_marking",
        "fill": "none",
        "stroke": "#CCCCCC",
        "strokeWidth": 0.4,
        "__gm_id": "feature-317",
        "__gm_shape": "line",
        "fillColor": "#8f623f",
        "outlineColor": "#cccccc",
        "level": "a1"
      },
      "id": "feature-317"
    },
    {
      "type": "Feature",
      "geometry": {
        "type": "LineString",
        "coordinates": [
          [
            -113.9963395268833,
            46.86642284343117
          ],
          [
            -113.9963160219403,
            46.866465432661505
          ]
        ]
      },
      "properties": {
        "svgPathIndex": 195,
        "elementId": null,
        "category": "parking_marking",
        "fill": "none",
        "stroke": "#CCCCCC",
        "strokeWidth": 0.4,
        "__gm_id": "feature-a1-gap-1",
        "__gm_shape": "line",
        "fillColor": "#8f623f",
        "outlineColor": "#cccccc",
        "level": "a1"
      },
      "id": "feature-a1-gap-1"
    },
    {
      "type": "Feature",
      "geometry": {
        "type": "LineString",
        "coordinates": [
          [
            -113.99636990739663,
            46.8664306596525
          ],
          [
            -113.99634625339863,
            46.86647335271117
          ]
        ]
      },
      "properties": {
        "svgPathIndex": 196,
        "elementId": null,
        "category": "parking_marking",
        "fill": "none",
        "stroke": "#CCCCCC",
        "strokeWidth": 0.4,
        "__gm_id": "feature-a1-gap-2",
        "__gm_shape": "line",
        "fillColor": "#8f623f",
        "outlineColor": "#cccccc",
        "level": "a1"
      },
      "id": "feature-a1-gap-2"
    }
  ]
}
