{
  "type": "FeatureCollection",
  "features": [
    {
      "type": "Feature",
      "geometry": {
        "type": "Polygon",
        "coordinates": [
          [
            [
              -113.997189708167,
              46.866565586796
            ],
            [
              -113.997127578859,
              46.866549036496
            ],
            [
              -113.99713595212,
              46.866533841294
            ],
            [
              -113.997135299189,
              46.866486893212
            ],
            [
              -113.997135302027,
              46.866484662416
            ],
            [
              -113.997135400529,
              46.866482743668
            ],
            [
              -113.99713562822,
              46.866481112591
            ],
            [
              -113.997136019695,
              46.866479748091
            ],
            [
              -113.997136608491,
              46.866478626887
            ],
            [
              -113.997137430215,
              46.866477726782
            ],
            [
              -113.99713851839,
              46.866477023398
            ],
            [
              -113.99713990657,
              46.866476494552
            ],
            [
              -113.997141629333,
              46.866476118053
            ],
            [
              -113.997143721261,
              46.866475871711
            ],
            [
              -113.997146216903,
              46.866475731141
            ],
            [
              -113.997149148785,
              46.866475674167
            ],
            [
              -113.997202007653,
              46.866475299817
            ],
            [
              -113.997200628746,
              46.866376151324
            ],
            [
              -113.997135121015,
              46.866376615255
            ],
            [
              -113.997133191443,
              46.866376582834
            ],
            [
              -113.997131471935,
              46.866376455657
            ],
            [
              -113.997129968557,
              46.866376227096
            ],
            [
              -113.997128684356,
              46.866375894935
            ],
            [
              -113.997127625396,
              46.866375452548
            ],
            [
              -113.997126794724,
              46.866374897718
            ],
            [
              -113.997126197411,
              46.866374226021
            ],
            [
              -113.997125839536,
              46.866373431926
            ],
            [
              -113.997125723105,
              46.866372512129
            ],
            [
              -113.997125855224,
              46.866371461091
            ],
            [
              -113.997126239952,
              46.866370275493
            ],
            [
              -113.997126881331,
              46.866368950917
            ],
            [
              -113.997148033755,
              46.866330497071
            ],
            [
              -113.996637902517,
              46.866198809964
            ],
            [
              -113.996582583472,
              46.866184683513
            ],
            [
              -113.996560992474,
              46.86622406668
            ],
            [
              -113.9965597823,
              46.866226179849
            ],
            [
              -113.996558550201,
              46.866227897052
            ],
            [
              -113.996557258763,
              46.866229258057
            ],
            [
              -113.996555874692,
              46.866230303699
            ],
            [
              -113.996554360621,
              46.866231077037
            ],
            [
              -113.996552682198,
              46.866231616719
            ],
            [
              -113.996550803066,
              46.8662319647
            ],
            [
              -113.996548687894,
              46.866232162927
            ],
            [
              -113.996546301321,
              46.866232251153
            ],
            [
              -113.996543609025,
              46.86623227022
            ],
            [
              -113.996540572599,
              46.866232262098
            ],
            [
              -113.996537159773,
              46.866232267614
            ],
            [
              -113.996525865266,
              46.866232347603
            ],
            [
              -113.996522880999,
              46.86623232704
            ],
            [
              -113.996520443303,
              46.866232207144
            ],
            [
              -113.996518496513,
              46.866231969652
            ],
            [
              -113.996516986006,
              46.866231597396
            ],
            [
              -113.996515855106,
              46.866231073221
            ],
            [
              -113.996515050184,
              46.866230377754
            ],
            [
              -113.996514515577,
              46.866229492737
            ],
            [
              -113.99651419669,
              46.866228403194
            ],
            [
              -113.996514037813,
              46.866227087573
            ],
            [
              -113.996513983328,
              46.866225530908
            ],
            [
              -113.99651397858,
              46.866223713832
            ],
            [
              -113.99651396896,
              46.866221620275
            ],
            [
              -113.996513483542,
              46.866186716771
            ],
            [
              -113.996057187708,
              46.866189948308
            ],
            [
              -113.995927076175,
              46.866190869772
            ],
            [
              -113.995895450939,
              46.866191093745
            ],
            [
              -113.995895837556,
              46.866218893005
            ],
            [
              -113.995896159718,
              46.866242057763
            ],
            [
              -113.995896122694,
              46.866244412805
            ],
            [
              -113.995895919457,
              46.866246400335
            ],
            [
              -113.995895523772,
              46.86624805236
            ],
            [
              -113.995894906327,
              46.866249400911
            ],
            [
              -113.995894041884,
              46.866250475791
            ],
            [
              -113.99589290012,
              46.866251310134
            ],
            [
              -113.995891454769,
              46.866251933754
            ],
            [
              -113.99588967652,
              46.866252378679
            ],
            [
              -113.995887539107,
              46.866252674722
            ],
            [
              -113.995885014276,
              46.866252856099
            ],
            [
              -113.99588207472,
              46.866252951533
            ],
            [
              -113.995878691141,
              46.86625299415
            ],
            [
              -113.995815442722,
              46.866253442081
            ],
            [
              -113.995816220227,
              46.866309347732
            ],
            [
              -113.995818213414,
              46.866452665354
            ],
            [
              -113.995892304889,
              46.866452140633
            ],
            [
              -113.995895958553,
              46.866452187178
            ],
            [
              -113.995898832505,
              46.866452391767
            ],
            [
              -113.99590098947,
              46.866452763833
            ],
            [
              -113.995902495283,
              46.866453314977
            ],
            [
              -113.995903413693,
              46.866454054626
            ],
            [
              -113.995903809493,
              46.866454993292
            ],
            [
              -113.99590374645,
              46.866456141497
            ],
            [
              -113.99590328934,
              46.866457508657
            ],
            [
              -113.995902503982,
              46.86645910528
            ],
            [
              -113.995901453116,
              46.866460941893
            ],
            [
              -113.995900201535,
              46.866463029012
            ],
            [
              -113.99589881403,
              46.866465377148
            ],
            [
              -113.995883388526,
              46.866493287151
            ],
            [
              -113.995973171423,
              46.866516437092
            ],
            [
              -113.995989495115,
              46.866520645875
            ],
            [
              -113.996018064502,
              46.866528166215
            ],
            [
              -113.996035250608,
              46.866496845478
            ],
            [
              -113.996036925274,
              46.86649396971
            ],
            [
              -113.996038472484,
              46.866491668724
            ],
            [
              -113.99603996143,
              46.866489900333
            ],
            [
              -113.996041461284,
              46.866488621252
            ],
            [
              -113.996043043276,
              46.866487788183
            ],
            [
              -113.996044775537,
              46.866487356753
            ],
            [
              -113.996046730336,
              46.866487284753
            ],
            [
              -113.996048976817,
              46.866487526705
            ],
            [
              -113.996051584201,
              46.866488042616
            ],
            [
              -113.996054622643,
              46.866488785904
            ],
            [
              -113.996058163384,
              46.866489714366
            ],
            [
              -113.9960622756,
              46.866490784721
            ],
            [
              -113.996149339142,
              46.866513336151
            ],
            [
              -113.996152703144,
              46.866514320729
            ],
            [
              -113.996155353351,
              46.866515333406
            ],
            [
              -113.996157344479,
              46.866516397933
            ],
            [
              -113.996158734305,
              46.866517536944
            ],
            [
              -113.996159580639,
              46.866518775268
            ],
            [
              -113.996159938164,
              46.866520134463
            ],
            [
              -113.996159864675,
              46.86652163826
            ],
            [
              -113.996159417963,
              46.86652331039
            ],
            [
              -113.996158652714,
              46.86652517241
            ],
            [
              -113.996157627778,
              46.86652725024
            ],
            [
              -113.996156397824,
              46.86652956434
            ],
            [
              -113.996155021686,
              46.86653213953
            ],
            [
              -113.996140044372,
              46.866559737988
            ],
            [
              -113.996989359177,
              46.866779221612
            ],
            [
              -113.997015804252,
              46.866731462971
            ],
            [
              -113.997016505694,
              46.86673039913
            ],
            [
              -113.997017287929,
              46.866729389581
            ],
            [
              -113.997018156301,
              46.866728449648
            ],
            [
              -113.997019114117,
              46.866727595766
            ],
            [
              -113.997020168788,
              46.866726844343
            ],
            [
              -113.997021322594,
              46.86672621182
            ],
            [
              -113.997022582917,
              46.866725712411
            ],
            [
              -113.997023953094,
              46.866725364746
            ],
            [
              -113.997025438453,
              46.866725183051
            ],
            [
              -113.997027044353,
              46.866725183748
            ],
            [
              -113.997028775128,
              46.866725383266
            ],
            [
              -113.997030636136,
              46.866725798024
            ],
            [
              -113.997038797477,
              46.86672790296
            ],
            [
              -113.997055983568,
              46.866696581242
            ],
            [
              -113.997106323947,
              46.866710125051
            ],
            [
              -113.997189708167,
              46.866565586796
            ]
          ]
        ]
      },
      "properties": {
        "svgPathIndex": 1,
        "elementId": null,
        "category": "surface",
        "fill": "#91908B",
        "stroke": "none",
        "strokeWidth": null,
        "__gm_id": "feature-11-part-2",
        "__gm_shape": "polygon",
        "partIndex": 2,
        "sourceGeometryType": "MultiPolygon"
      },
      "id": "feature-11-part-2"
    },
    {
      "type": "Feature",
      "geometry": {
        "type": "Polygon",
        "coordinates": [
          [
            [
              -113.996477130019,
              46.866366757024
            ],
            [
              -113.996478029646,
              46.866366441218
            ],
            [
              -113.996498309242,
              46.866330156303
            ],
            [
              -113.996513743322,
              46.866302862829
            ],
            [
              -113.996515461926,
              46.866299604884
            ],
            [
              -113.99651644259,
              46.866296926046
            ],
            [
              -113.996516708163,
              46.866294772387
            ],
            [
              -113.996516284529,
              46.866293086663
            ],
            [
              -113.996515194508,
              46.866291812751
            ],
            [
              -113.996513464014,
              46.866290895605
            ],
            [
              -113.996511115852,
              46.866290278003
            ],
            [
              -113.9965081739,
              46.86628990601
            ],
            [
              -113.996504665066,
              46.866289722375
            ],
            [
              -113.996500611144,
              46.866289670984
            ],
            [
              -113.996496038034,
              46.86628969569
            ],
            [
              -113.996490969597,
              46.866289741461
            ],
            [
              -113.996234359173,
              46.8662915588
            ],
            [
              -113.996230849833,
              46.866291707647
            ],
            [
              -113.99622795818,
              46.866292074868
            ],
            [
              -113.996225620174,
              46.866292630194
            ],
            [
              -113.996223774791,
              46.866293338943
            ],
            [
              -113.996222357959,
              46.86629416865
            ],
            [
              -113.996221305623,
              46.866295087948
            ],
            [
              -113.996220555748,
              46.86629606326
            ],
            [
              -113.996220045273,
              46.866297061017
            ],
            [
              -113.9962197091,
              46.866298048761
            ],
            [
              -113.996219486237,
              46.866298994006
            ],
            [
              -113.996219311569,
              46.866299863197
            ],
            [
              -113.996219124121,
              46.866300624944
            ],
            [
              -113.99621898371,
              46.866301817591
            ],
            [
              -113.996219178615,
              46.866302920081
            ],
            [
              -113.996219670934,
              46.866303937071
            ],
            [
              -113.996220420699,
              46.866304872135
            ],
            [
              -113.996221389976,
              46.866305727738
            ],
            [
              -113.996222537785,
              46.866306508558
            ],
            [
              -113.99622382621,
              46.866307218156
            ],
            [
              -113.996225215265,
              46.866307859009
            ],
            [
              -113.996226666007,
              46.866308434686
            ],
            [
              -113.99622814052,
              46.866308948746
            ],
            [
              -113.996229597823,
              46.866309405869
            ],
            [
              -113.996230998957,
              46.866309808526
            ],
            [
              -113.99632622485,
              46.866334463879
            ],
            [
              -113.996328279652,
              46.866334942008
            ],
            [
              -113.996330348394,
              46.866335315797
            ],
            [
              -113.996332410328,
              46.866335568931
            ],
            [
              -113.996334441656,
              46.866335687317
            ],
            [
              -113.996336420618,
              46.866335655745
            ],
            [
              -113.996338324429,
              46.866335459016
            ],
            [
              -113.996340132383,
              46.866335084107
            ],
            [
              -113.996341821665,
              46.866334513625
            ],
            [
              -113.996343369519,
              46.866333734563
            ],
            [
              -113.99634475417,
              46.866332730616
            ],
            [
              -113.996345953887,
              46.86633148877
            ],
            [
              -113.996346945869,
              46.866329992728
            ],
            [
              -113.996365900144,
              46.866295878828
            ],
            [
              -113.996488331451,
              46.866327446444
            ],
            [
              -113.996464523084,
              46.866369935165
            ],
            [
              -113.996474045121,
              46.866372338815
            ],
            [
              -113.996477130019,
              46.866366757024
            ]
          ]
        ]
      },
      "properties": {
        "svgPathIndex": 1,
        "elementId": null,
        "category": "surface",
        "fill": "#91908B",
        "stroke": "none",
        "strokeWidth": null,
        "__gm_id": "feature-11-part-3",
        "__gm_shape": "polygon",
        "partIndex": 3,
        "sourceGeometryType": "MultiPolygon"
      },
      "id": "feature-11-part-3"
    },
    {
      "type": "Feature",
      "geometry": {
        "type": "Polygon",
        "coordinates": [
          [
            [
              -113.99657435361,
              46.866340120969
            ],
            [
              -113.996569499502,
              46.866348494717
            ],
            [
              -113.996558923803,
              46.866367721633
            ],
            [
              -113.996545692162,
              46.866390983414
            ],
            [
              -113.996555214198,
              46.866393387064
            ],
            [
              -113.996579021554,
              46.866350899466
            ],
            [
              -113.997033377991,
              46.866468153616
            ],
            [
              -113.997010022103,
              46.866510639021
            ],
            [
              -113.99703587212,
              46.866517559754
            ],
            [
              -113.99703868836,
              46.866518262918
            ],
            [
              -113.997041241299,
              46.866518848343
            ],
            [
              -113.997043535672,
              46.866519287467
            ],
            [
              -113.997045572093,
              46.866519550657
            ],
            [
              -113.997047356335,
              46.866519610441
            ],
            [
              -113.997048889013,
              46.866519437189
            ],
            [
              -113.997050172809,
              46.866519002352
            ],
            [
              -113.997051211399,
              46.866518275179
            ],
            [
              -113.997052006469,
              46.866517229325
            ],
            [
              -113.997052561681,
              46.866515832942
            ],
            [
              -113.997052879746,
              46.866514059676
            ],
            [
              -113.997052963315,
              46.866511878785
            ],
            [
              -113.997051782012,
              46.866426938788
            ],
            [
              -113.997051772985,
              46.866425847055
            ],
            [
              -113.997051765752,
              46.866424736655
            ],
            [
              -113.997051741994,
              46.86642361869
            ],
            [
              -113.99705168643,
              46.866422500952
            ],
            [
              -113.997051579672,
              46.866421391256
            ],
            [
              -113.997051406481,
              46.866420300685
            ],
            [
              -113.997051149492,
              46.866419234848
            ],
            [
              -113.997050789362,
              46.866418204854
            ],
            [
              -113.997050311849,
              46.866417219583
            ],
            [
              -113.997049698577,
              46.866416285748
            ],
            [
              -113.997048932225,
              46.866415412251
            ],
            [
              -113.997047995502,
              46.866414610186
            ],
            [
              -113.997045701593,
              46.866413171433
            ],
            [
              -113.997043403862,
              46.866412195761
            ],
            [
              -113.997041127396,
              46.866411642392
            ],
            [
              -113.997038898308,
              46.866411470543
            ],
            [
              -113.997036743781,
              46.866411642714
            ],
            [
              -113.997034688886,
              46.866412117029
            ],
            [
              -113.997032759766,
              46.866412854898
            ],
            [
              -113.997030982532,
              46.866413815538
            ],
            [
              -113.997029384338,
              46.866414959254
            ],
            [
              -113.99702798926,
              46.866416246373
            ],
            [
              -113.997026825462,
              46.866417636096
            ],
            [
              -113.997025918075,
              46.866419090937
            ],
            [
              -113.997007854837,
              46.866452271243
            ],
            [
              -113.996583875646,
              46.866342524621
            ],
            [
              -113.996606804829,
              46.866301895421
            ],
            [
              -113.996597282793,
              46.866299491768
            ],
            [
              -113.99657435361,
              46.866340120969
            ]
          ]
        ]
      },
      "properties": {
        "svgPathIndex": 1,
        "elementId": null,
        "category": "surface",
        "fill": "#91908B",
        "stroke": "none",
        "strokeWidth": null,
        "__gm_id": "feature-11-part-4",
        "__gm_shape": "polygon",
        "partIndex": 4,
        "sourceGeometryType": "MultiPolygon"
      },
      "id": "feature-11-part-4"
    },
    {
      "type": "Feature",
      "geometry": {
        "type": "Polygon",
        "coordinates": [
          [
            [
              -113.996120221954,
              46.866563893324
            ],
            [
              -113.996120664815,
              46.866563272418
            ],
            [
              -113.99613212296,
              46.86654249435
            ],
            [
              -113.99613388684,
              46.86653939301
            ],
            [
              -113.996133435388,
              46.866539396208
            ],
            [
              -113.996136959886,
              46.866532885215
            ],
            [
              -113.996147979472,
              46.866513037444
            ],
            [
              -113.996118501853,
              46.866505214101
            ],
            [
              -113.996114973082,
              46.866511417888
            ],
            [
              -113.996114968779,
              46.866511108485
            ],
            [
              -113.996112766341,
              46.866515140135
            ],
            [
              -113.996104388792,
              46.866530027037
            ],
            [
              -113.996102189601,
              46.866534365902
            ],
            [
              -113.996100868597,
              46.866536847433
            ],
            [
              -113.996092939223,
              46.866551421721
            ],
            [
              -113.996090292898,
              46.866556074282
            ],
            [
              -113.996120221954,
              46.866563893324
            ]
          ]
        ]
      },
      "properties": {
        "svgPathIndex": 2,
        "elementId": null,
        "category": "surface",
        "fill": "#CCCCCC",
        "stroke": "#91908B",
        "strokeWidth": 0.3,
        "__gm_id": "feature-13",
        "__gm_shape": "polygon"
      },
      "id": "feature-13"
    },
    {
      "type": "Feature",
      "geometry": {
        "type": "Polygon",
        "coordinates": [
          [
            [
              -113.996090292898,
              46.866556074282
            ],
            [
              -113.996090284307,
              46.866555456573
            ],
            [
              -113.996102198207,
              46.866534984708
            ],
            [
              -113.99610395881,
              46.866531573958
            ],
            [
              -113.996103506332,
              46.866531577162
            ],
            [
              -113.996107035117,
              46.866525374474
            ],
            [
              -113.996118050401,
              46.866505217298
            ],
            [
              -113.996088125632,
              46.866497706553
            ],
            [
              -113.996085045037,
              46.866503597734
            ],
            [
              -113.99608283727,
              46.866507319989
            ],
            [
              -113.996074459721,
              46.866522206893
            ],
            [
              -113.996072264847,
              46.866526856259
            ],
            [
              -113.996070939526,
              46.86652902729
            ],
            [
              -113.996063010167,
              46.866543602678
            ],
            [
              -113.996060363826,
              46.866548254142
            ],
            [
              -113.996090292898,
              46.866556074282
            ]
          ]
        ]
      },
      "properties": {
        "svgPathIndex": 3,
        "elementId": null,
        "category": "surface",
        "fill": "#CCCCCC",
        "stroke": "#91908B",
        "strokeWidth": 0.3,
        "__gm_id": "feature-15",
        "__gm_shape": "polygon"
      },
      "id": "feature-15"
    },
    {
      "type": "Feature",
      "geometry": {
        "type": "Polygon",
        "coordinates": [
          [
            [
              -113.996060363826,
              46.866548254142
            ],
            [
              -113.996060359539,
              46.866547945836
            ],
            [
              -113.996071817683,
              46.866527167762
            ],
            [
              -113.996073581563,
              46.866524066422
            ],
            [
              -113.99607357726,
              46.866523757019
            ],
            [
              -113.996077106046,
              46.86651755433
            ],
            [
              -113.996088125632,
              46.866497706553
            ],
            [
              -113.996058196576,
              46.866489887502
            ],
            [
              -113.99605511598,
              46.866495778684
            ],
            [
              -113.996052912501,
              46.866499809245
            ],
            [
              -113.996044530664,
              46.866514387845
            ],
            [
              -113.996041884324,
              46.866519039312
            ],
            [
              -113.996042335776,
              46.866519036115
            ],
            [
              -113.996041010469,
              46.866521208243
            ],
            [
              -113.99603263292,
              46.866536095143
            ],
            [
              -113.99603043477,
              46.866540435098
            ],
            [
              -113.996060363826,
              46.866548254142
            ]
          ]
        ]
      },
      "properties": {
        "svgPathIndex": 4,
        "elementId": null,
        "category": "surface",
        "fill": "#CCCCCC",
        "stroke": "#91908B",
        "strokeWidth": 0.3,
        "__gm_id": "feature-17",
        "__gm_shape": "polygon"
      },
      "id": "feature-17"
    },
    {
      "type": "Feature",
      "geometry": {
        "type": "Polygon",
        "coordinates": [
          [
            [
              -113.995965495093,
              46.866321882637
            ],
            [
              -113.995966431536,
              46.86638921641
            ],
            [
              -113.995966468835,
              46.866391160534
            ],
            [
              -113.995966527948,
              46.866392976121
            ],
            [
              -113.995966613008,
              46.866394665337
            ],
            [
              -113.995966730173,
              46.866396228138
            ],
            [
              -113.99596688255,
              46.866397666696
            ],
            [
              -113.995967076296,
              46.866398980968
            ],
            [
              -113.99596731452,
              46.866400173127
            ],
            [
              -113.995967603392,
              46.866401244225
            ],
            [
              -113.995967947018,
              46.866402194234
            ],
            [
              -113.995968349531,
              46.86640302532
            ],
            [
              -113.995968817088,
              46.866403737438
            ],
            [
              -113.995969352797,
              46.866404332761
            ],
            [
              -113.995969601237,
              46.866404562529
            ],
            [
              -113.99596988663,
              46.866404793132
            ],
            [
              -113.995970210031,
              46.866405026758
            ],
            [
              -113.9959705704,
              46.866405262316
            ],
            [
              -113.995970969818,
              46.866405501987
            ],
            [
              -113.99597140625,
              46.866405746883
            ],
            [
              -113.995971879711,
              46.8664059981
            ],
            [
              -113.995972392252,
              46.866406255623
            ],
            [
              -113.995972941867,
              46.86640652276
            ],
            [
              -113.995973528542,
              46.866406798413
            ],
            [
              -113.995974154358,
              46.866407084761
            ],
            [
              -113.995974817279,
              46.866407382917
            ],
            [
              -113.995977925091,
              46.866408465872
            ],
            [
              -113.995980684655,
              46.866409151883
            ],
            [
              -113.995983127119,
              46.866409467062
            ],
            [
              -113.995985287719,
              46.866409436399
            ],
            [
              -113.995987199653,
              46.866409085992
            ],
            [
              -113.995988895095,
              46.866408441949
            ],
            [
              -113.995990408239,
              46.866407528168
            ],
            [
              -113.995991771259,
              46.866406370755
            ],
            [
              -113.99599301939,
              46.8664049947
            ],
            [
              -113.99599418482,
              46.866403427205
            ],
            [
              -113.995995299693,
              46.866401692183
            ],
            [
              -113.995996399259,
              46.866399815721
            ],
            [
              -113.996013145781,
              46.866369425228
            ],
            [
              -113.996408100872,
              46.866471346332
            ],
            [
              -113.996384293531,
              46.866513834932
            ],
            [
              -113.996393814542,
              46.866516238583
            ],
            [
              -113.996417621882,
              46.866473749985
            ],
            [
              -113.996489269949,
              46.866492394542
            ],
            [
              -113.996465461582,
              46.866534883133
            ],
            [
              -113.996474983619,
              46.866537286775
            ],
            [
              -113.99649879096,
              46.866494798194
            ],
            [
              -113.996985344371,
              46.866620473868
            ],
            [
              -113.996965512965,
              46.866656447078
            ],
            [
              -113.996961988482,
              46.866662959153
            ],
            [
              -113.99696346806,
              46.866663247134
            ],
            [
              -113.99696494734,
              46.866663366137
            ],
            [
              -113.996966413151,
              46.866663328324
            ],
            [
              -113.996967848219,
              46.866663145888
            ],
            [
              -113.996969237338,
              46.866662832104
            ],
            [
              -113.996970565237,
              46.866662395858
            ],
            [
              -113.996971816726,
              46.866661851523
            ],
            [
              -113.996972975556,
              46.866661211283
            ],
            [
              -113.996974026458,
              46.866660484025
            ],
            [
              -113.996974954256,
              46.866659685219
            ],
            [
              -113.996975742671,
              46.866658824855
            ],
            [
              -113.996976376464,
              46.866657914014
            ],
            [
              -113.996994909362,
              46.866625966046
            ],
            [
              -113.996995238517,
              46.866625359113
            ],
            [
              -113.996995565971,
              46.866624777431
            ],
            [
              -113.996995887635,
              46.866624222123
            ],
            [
              -113.99699619939,
              46.866623692124
            ],
            [
              -113.996996499184,
              46.866623187447
            ],
            [
              -113.996996783953,
              46.86662270921
            ],
            [
              -113.996997049594,
              46.866622257444
            ],
            [
              -113.996997295065,
              46.866621831058
            ],
            [
              -113.996997514211,
              46.866621430097
            ],
            [
              -113.99699770602,
              46.866621055663
            ],
            [
              -113.9969978674,
              46.866620706682
            ],
            [
              -113.99699799426,
              46.866620384281
            ],
            [
              -113.997024013671,
              46.866574482918
            ],
            [
              -113.997011316525,
              46.866571174561
            ],
            [
              -113.996987960636,
              46.866613659884
            ],
            [
              -113.996502311155,
              46.866487977792
            ],
            [
              -113.996526118495,
              46.866445489172
            ],
            [
              -113.996516596459,
              46.866443085525
            ],
            [
              -113.996492789118,
              46.866485574148
            ],
            [
              -113.996421142077,
              46.866466929581
            ],
            [
              -113.996444949418,
              46.866424440944
            ],
            [
              -113.996435427381,
              46.866422037296
            ],
            [
              -113.996411620041,
              46.866464525935
            ],
            [
              -113.995987640834,
              46.86635477824
            ],
            [
              -113.996002183878,
              46.866328418296
            ],
            [
              -113.996003697461,
              46.866325765313
            ],
            [
              -113.996005104861,
              46.86632337204
            ],
            [
              -113.99600633395,
              46.866321217044
            ],
            [
              -113.996007311529,
              46.866319275605
            ],
            [
              -113.996007965456,
              46.866317525192
            ],
            [
              -113.996008222547,
              46.866315942182
            ],
            [
              -113.996008011701,
              46.866314505133
            ],
            [
              -113.99600725972,
              46.866313189326
            ],
            [
              -113.996005894461,
              46.866311972228
            ],
            [
              -113.99600384274,
              46.866310830219
            ],
            [
              -113.99600103243,
              46.866309741863
            ],
            [
              -113.995997391359,
              46.866308682433
            ],
            [
              -113.995991520105,
              46.866307298639
            ],
            [
              -113.995986351359,
              46.866306181996
            ],
            [
              -113.995981848979,
              46.866305389821
            ],
            [
              -113.9959779778,
              46.866304976128
            ],
            [
              -113.99597470266,
              46.866304994933
            ],
            [
              -113.995971988442,
              46.866305503545
            ],
            [
              -113.995969798925,
              46.866306553793
            ],
            [
              -113.995968100033,
              46.866308204073
            ],
            [
              -113.99596685452,
              46.866310506222
            ],
            [
              -113.995966029306,
              46.866313516436
            ],
            [
              -113.995965588232,
              46.866317290933
            ],
            [
              -113.995965495093,
              46.866321882637
            ]
          ]
        ]
      },
      "properties": {
        "svgPathIndex": 1,
        "elementId": null,
        "category": "surface",
        "fill": "#91908B",
        "stroke": "none",
        "strokeWidth": null,
        "__gm_id": "feature-11-part-1",
        "__gm_shape": "polygon",
        "partIndex": 1,
        "sourceGeometryType": "MultiPolygon"
      },
      "id": "feature-11-part-1"
    },
    {
      "type": "Feature",
      "geometry": {
        "type": "LineString",
        "coordinates": [
          [
            -113.996193780769,
            46.866525068472
          ],
          [
            -113.996170424881,
            46.866567553832
          ]
        ]
      },
      "properties": {
        "svgPathIndex": 5,
        "elementId": null,
        "category": "parking_marking",
        "fill": "none",
        "stroke": "#CCCCCC",
        "strokeWidth": 0.4,
        "__gm_id": "feature-19",
        "__gm_shape": "line"
      },
      "id": "feature-19"
    },
    {
      "type": "Feature",
      "geometry": {
        "type": "LineString",
        "coordinates": [
          [
            -113.996224161293,
            46.866532885419
          ],
          [
            -113.996200805389,
            46.866575369675
          ]
        ]
      },
      "properties": {
        "svgPathIndex": 6,
        "elementId": null,
        "category": "parking_marking",
        "fill": "none",
        "stroke": "#CCCCCC",
        "strokeWidth": 0.4,
        "__gm_id": "feature-21",
        "__gm_shape": "line"
      },
      "id": "feature-21"
    },
    {
      "type": "Feature",
      "geometry": {
        "type": "LineString",
        "coordinates": [
          [
            -113.996254541801,
            46.866540701267
          ],
          [
            -113.996231185912,
            46.866583186614
          ]
        ]
      },
      "properties": {
        "svgPathIndex": 7,
        "elementId": null,
        "category": "parking_marking",
        "fill": "none",
        "stroke": "#CCCCCC",
        "strokeWidth": 0.4,
        "__gm_id": "feature-23",
        "__gm_shape": "line"
      },
      "id": "feature-23"
    },
    {
      "type": "Feature",
      "geometry": {
        "type": "LineString",
        "coordinates": [
          [
            -113.996284923335,
            46.866548517106
          ],
          [
            -113.996261114969,
            46.866591005652
          ]
        ]
      },
      "properties": {
        "svgPathIndex": 8,
        "elementId": null,
        "category": "parking_marking",
        "fill": "none",
        "stroke": "#CCCCCC",
        "strokeWidth": 0.4,
        "__gm_id": "feature-25",
        "__gm_shape": "line"
      },
      "id": "feature-25"
    },
    {
      "type": "Feature",
      "geometry": {
        "type": "LineString",
        "coordinates": [
          [
            -113.996315303859,
            46.866556334049
          ],
          [
            -113.996291496518,
            46.866598822582
          ]
        ]
      },
      "properties": {
        "svgPathIndex": 9,
        "elementId": null,
        "category": "parking_marking",
        "fill": "none",
        "stroke": "#CCCCCC",
        "strokeWidth": 0.4,
        "__gm_id": "feature-27",
        "__gm_shape": "line"
      },
      "id": "feature-27"
    },
    {
      "type": "Feature",
      "geometry": {
        "type": "LineString",
        "coordinates": [
          [
            -113.996345232915,
            46.866564153091
          ],
          [
            -113.996321877026,
            46.86660663842
          ]
        ]
      },
      "properties": {
        "svgPathIndex": 10,
        "elementId": null,
        "category": "parking_marking",
        "fill": "none",
        "stroke": "#CCCCCC",
        "strokeWidth": 0.4,
        "__gm_id": "feature-29",
        "__gm_shape": "line"
      },
      "id": "feature-29"
    },
    {
      "type": "Feature",
      "geometry": {
        "type": "LineString",
        "coordinates": [
          [
            -113.996375613438,
            46.866571970031
          ],
          [
            -113.996352257535,
            46.866614454257
          ]
        ]
      },
      "properties": {
        "svgPathIndex": 11,
        "elementId": null,
        "category": "parking_marking",
        "fill": "none",
        "stroke": "#CCCCCC",
        "strokeWidth": 0.4,
        "__gm_id": "feature-31",
        "__gm_shape": "line"
      },
      "id": "feature-31"
    },
    {
      "type": "Feature",
      "geometry": {
        "type": "LineString",
        "coordinates": [
          [
            -113.996405993947,
            46.866579785874
          ],
          [
            -113.996382642346,
            46.866622579496
          ]
        ]
      },
      "properties": {
        "svgPathIndex": 12,
        "elementId": null,
        "category": "parking_marking",
        "fill": "none",
        "stroke": "#CCCCCC",
        "strokeWidth": 0.4,
        "__gm_id": "feature-33",
        "__gm_shape": "line"
      },
      "id": "feature-33"
    },
    {
      "type": "Feature",
      "geometry": {
        "type": "LineString",
        "coordinates": [
          [
            -113.996436375481,
            46.866587601707
          ],
          [
            -113.996413023895,
            46.866630396421
          ]
        ]
      },
      "properties": {
        "svgPathIndex": 13,
        "elementId": null,
        "category": "parking_marking",
        "fill": "none",
        "stroke": "#CCCCCC",
        "strokeWidth": 0.4,
        "__gm_id": "feature-35",
        "__gm_shape": "line"
      },
      "id": "feature-35"
    },
    {
      "type": "Feature",
      "geometry": {
        "type": "LineString",
        "coordinates": [
          [
            -113.996466756004,
            46.866595418645
          ],
          [
            -113.996443404404,
            46.866638212254
          ]
        ]
      },
      "properties": {
        "svgPathIndex": 14,
        "elementId": null,
        "category": "parking_marking",
        "fill": "none",
        "stroke": "#CCCCCC",
        "strokeWidth": 0.4,
        "__gm_id": "feature-37",
        "__gm_shape": "line"
      },
      "id": "feature-37"
    },
    {
      "type": "Feature",
      "geometry": {
        "type": "LineString",
        "coordinates": [
          [
            -113.996497136513,
            46.866603234484
          ],
          [
            -113.996473784927,
            46.866646029184
          ]
        ]
      },
      "properties": {
        "svgPathIndex": 15,
        "elementId": null,
        "category": "parking_marking",
        "fill": "none",
        "stroke": "#CCCCCC",
        "strokeWidth": 0.4,
        "__gm_id": "feature-39",
        "__gm_shape": "line"
      },
      "id": "feature-39"
    },
    {
      "type": "Feature",
      "geometry": {
        "type": "LineString",
        "coordinates": [
          [
            -113.996527521339,
            46.866611360821
          ],
          [
            -113.996504166461,
            46.866653845008
          ]
        ]
      },
      "properties": {
        "svgPathIndex": 16,
        "elementId": null,
        "category": "parking_marking",
        "fill": "none",
        "stroke": "#CCCCCC",
        "strokeWidth": 0.4,
        "__gm_id": "feature-41",
        "__gm_shape": "line"
      },
      "id": "feature-41"
    },
    {
      "type": "Feature",
      "geometry": {
        "type": "LineString",
        "coordinates": [
          [
            -113.996557902873,
            46.86661917665
          ],
          [
            -113.99653454697,
            46.866661660839
          ]
        ]
      },
      "properties": {
        "svgPathIndex": 17,
        "elementId": null,
        "category": "parking_marking",
        "fill": "none",
        "stroke": "#CCCCCC",
        "strokeWidth": 0.4,
        "__gm_id": "feature-43",
        "__gm_shape": "line"
      },
      "id": "feature-43"
    },
    {
      "type": "Feature",
      "geometry": {
        "type": "LineString",
        "coordinates": [
          [
            -113.996588283382,
            46.866626992486
          ],
          [
            -113.996564476041,
            46.866669480962
          ]
        ]
      },
      "properties": {
        "svgPathIndex": 18,
        "elementId": null,
        "category": "parking_marking",
        "fill": "none",
        "stroke": "#CCCCCC",
        "strokeWidth": 0.4,
        "__gm_id": "feature-45",
        "__gm_shape": "line"
      },
      "id": "feature-45"
    },
    {
      "type": "Feature",
      "geometry": {
        "type": "LineString",
        "coordinates": [
          [
            -113.996618663905,
            46.866634809417
          ],
          [
            -113.996594856565,
            46.866677297888
          ]
        ]
      },
      "properties": {
        "svgPathIndex": 19,
        "elementId": null,
        "category": "parking_marking",
        "fill": "none",
        "stroke": "#CCCCCC",
        "strokeWidth": 0.4,
        "__gm_id": "feature-47",
        "__gm_shape": "line"
      },
      "id": "feature-47"
    },
    {
      "type": "Feature",
      "geometry": {
        "type": "LineString",
        "coordinates": [
          [
            -113.996648592961,
            46.866642628447
          ],
          [
            -113.996625237073,
            46.866685113715
          ]
        ]
      },
      "properties": {
        "svgPathIndex": 20,
        "elementId": null,
        "category": "parking_marking",
        "fill": "none",
        "stroke": "#CCCCCC",
        "strokeWidth": 0.4,
        "__gm_id": "feature-49",
        "__gm_shape": "line"
      },
      "id": "feature-49"
    },
    {
      "type": "Feature",
      "geometry": {
        "type": "LineString",
        "coordinates": [
          [
            -113.996678973485,
            46.866650445377
          ],
          [
            -113.996655618607,
            46.866692929533
          ]
        ]
      },
      "properties": {
        "svgPathIndex": 21,
        "elementId": null,
        "category": "parking_marking",
        "fill": "none",
        "stroke": "#CCCCCC",
        "strokeWidth": 0.4,
        "__gm_id": "feature-51",
        "__gm_shape": "line"
      },
      "id": "feature-51"
    },
    {
      "type": "Feature",
      "geometry": {
        "type": "LineString",
        "coordinates": [
          [
            -113.996709355019,
            46.8666582612
          ],
          [
            -113.996685999131,
            46.866700746455
          ]
        ]
      },
      "properties": {
        "svgPathIndex": 22,
        "elementId": null,
        "category": "parking_marking",
        "fill": "none",
        "stroke": "#CCCCCC",
        "strokeWidth": 0.4,
        "__gm_id": "feature-53",
        "__gm_shape": "line"
      },
      "id": "feature-53"
    },
    {
      "type": "Feature",
      "geometry": {
        "type": "LineString",
        "coordinates": [
          [
            -113.996739735543,
            46.866666078127
          ],
          [
            -113.996716379639,
            46.866708562278
          ]
        ]
      },
      "properties": {
        "svgPathIndex": 23,
        "elementId": null,
        "category": "parking_marking",
        "fill": "none",
        "stroke": "#CCCCCC",
        "strokeWidth": 0.4,
        "__gm_id": "feature-55",
        "__gm_shape": "line"
      },
      "id": "feature-55"
    },
    {
      "type": "Feature",
      "geometry": {
        "type": "LineString",
        "coordinates": [
          [
            -113.996770116051,
            46.866673893956
          ],
          [
            -113.996746760162,
            46.866716379198
          ]
        ]
      },
      "properties": {
        "svgPathIndex": 24,
        "elementId": null,
        "category": "parking_marking",
        "fill": "none",
        "stroke": "#CCCCCC",
        "strokeWidth": 0.4,
        "__gm_id": "feature-57",
        "__gm_shape": "line"
      },
      "id": "feature-57"
    },
    {
      "type": "Feature",
      "geometry": {
        "type": "LineString",
        "coordinates": [
          [
            -113.996800496559,
            46.866681709783
          ],
          [
            -113.996777146,
            46.866724504414
          ]
        ]
      },
      "properties": {
        "svgPathIndex": 25,
        "elementId": null,
        "category": "parking_marking",
        "fill": "none",
        "stroke": "#CCCCCC",
        "strokeWidth": 0.4,
        "__gm_id": "feature-59",
        "__gm_shape": "line"
      },
      "id": "feature-59"
    },
    {
      "type": "Feature",
      "geometry": {
        "type": "LineString",
        "coordinates": [
          [
            -113.996830878109,
            46.866689526699
          ],
          [
            -113.996807526508,
            46.866732320234
          ]
        ]
      },
      "properties": {
        "svgPathIndex": 26,
        "elementId": null,
        "category": "parking_marking",
        "fill": "none",
        "stroke": "#CCCCCC",
        "strokeWidth": 0.4,
        "__gm_id": "feature-61",
        "__gm_shape": "line"
      },
      "id": "feature-61"
    },
    {
      "type": "Feature",
      "geometry": {
        "type": "LineString",
        "coordinates": [
          [
            -113.996861258617,
            46.866697342524
          ],
          [
            -113.996837907031,
            46.86674013715
          ]
        ]
      },
      "properties": {
        "svgPathIndex": 27,
        "elementId": null,
        "category": "parking_marking",
        "fill": "none",
        "stroke": "#CCCCCC",
        "strokeWidth": 0.4,
        "__gm_id": "feature-63",
        "__gm_shape": "line"
      },
      "id": "feature-63"
    },
    {
      "type": "Feature",
      "geometry": {
        "type": "LineString",
        "coordinates": [
          [
            -113.99689163914,
            46.866705159446
          ],
          [
            -113.99686828754,
            46.866747952968
          ]
        ]
      },
      "properties": {
        "svgPathIndex": 28,
        "elementId": null,
        "category": "parking_marking",
        "fill": "none",
        "stroke": "#CCCCCC",
        "strokeWidth": 0.4,
        "__gm_id": "feature-65",
        "__gm_shape": "line"
      },
      "id": "feature-65"
    },
    {
      "type": "Feature",
      "geometry": {
        "type": "LineString",
        "coordinates": [
          [
            -113.996922020675,
            46.866712975261
          ],
          [
            -113.996898216596,
            46.866755771982
          ]
        ]
      },
      "properties": {
        "svgPathIndex": 29,
        "elementId": null,
        "category": "parking_marking",
        "fill": "none",
        "stroke": "#CCCCCC",
        "strokeWidth": 0.4,
        "__gm_id": "feature-67",
        "__gm_shape": "line"
      },
      "id": "feature-67"
    },
    {
      "type": "Feature",
      "geometry": {
        "type": "LineString",
        "coordinates": [
          [
            -113.996951953008,
            46.866721103689
          ],
          [
            -113.996928598145,
            46.866763588887
          ]
        ]
      },
      "properties": {
        "svgPathIndex": 30,
        "elementId": null,
        "category": "parking_marking",
        "fill": "none",
        "stroke": "#CCCCCC",
        "strokeWidth": 0.4,
        "__gm_id": "feature-69",
        "__gm_shape": "line"
      },
      "id": "feature-69"
    },
    {
      "type": "Feature",
      "geometry": {
        "type": "LineString",
        "coordinates": [
          [
            -113.996982334542,
            46.866728919503
          ],
          [
            -113.996958978654,
            46.866771404701
          ]
        ]
      },
      "properties": {
        "svgPathIndex": 31,
        "elementId": null,
        "category": "parking_marking",
        "fill": "none",
        "stroke": "#CCCCCC",
        "strokeWidth": 0.4,
        "__gm_id": "feature-71",
        "__gm_shape": "line"
      },
      "id": "feature-71"
    },
    {
      "type": "Feature",
      "geometry": {
        "type": "LineString",
        "coordinates": [
          [
            -113.996043527315,
            46.866377241092
          ],
          [
            -113.996020171427,
            46.866419726569
          ]
        ]
      },
      "properties": {
        "svgPathIndex": 32,
        "elementId": null,
        "category": "parking_marking",
        "fill": "none",
        "stroke": "#CCCCCC",
        "strokeWidth": 0.4,
        "__gm_id": "feature-73",
        "__gm_shape": "line"
      },
      "id": "feature-73"
    },
    {
      "type": "Feature",
      "geometry": {
        "type": "LineString",
        "coordinates": [
          [
            -113.996073907839,
            46.86638505806
          ],
          [
            -113.996050556238,
            46.866427851837
          ]
        ]
      },
      "properties": {
        "svgPathIndex": 33,
        "elementId": null,
        "category": "parking_marking",
        "fill": "none",
        "stroke": "#CCCCCC",
        "strokeWidth": 0.4,
        "__gm_id": "feature-75",
        "__gm_shape": "line"
      },
      "id": "feature-75"
    },
    {
      "type": "Feature",
      "geometry": {
        "type": "LineString",
        "coordinates": [
          [
            -113.996104288347,
            46.86639287393
          ],
          [
            -113.996080936746,
            46.866435667701
          ]
        ]
      },
      "properties": {
        "svgPathIndex": 34,
        "elementId": null,
        "category": "parking_marking",
        "fill": "none",
        "stroke": "#CCCCCC",
        "strokeWidth": 0.4,
        "__gm_id": "feature-77",
        "__gm_shape": "line"
      },
      "id": "feature-77"
    },
    {
      "type": "Feature",
      "geometry": {
        "type": "LineString",
        "coordinates": [
          [
            -113.996134668871,
            46.866400690895
          ],
          [
            -113.996111318296,
            46.866443484653
          ]
        ]
      },
      "properties": {
        "svgPathIndex": 35,
        "elementId": null,
        "category": "parking_marking",
        "fill": "none",
        "stroke": "#CCCCCC",
        "strokeWidth": 0.4,
        "__gm_id": "feature-79",
        "__gm_shape": "line"
      },
      "id": "feature-79"
    },
    {
      "type": "Feature",
      "geometry": {
        "type": "LineString",
        "coordinates": [
          [
            -113.996165050405,
            46.866408506755
          ],
          [
            -113.996141698804,
            46.866451300514
          ]
        ]
      },
      "properties": {
        "svgPathIndex": 36,
        "elementId": null,
        "category": "parking_marking",
        "fill": "none",
        "stroke": "#CCCCCC",
        "strokeWidth": 0.4,
        "__gm_id": "feature-81",
        "__gm_shape": "line"
      },
      "id": "feature-81"
    },
    {
      "type": "Feature",
      "geometry": {
        "type": "LineString",
        "coordinates": [
          [
            -113.996195430913,
            46.866416322621
          ],
          [
            -113.996171627876,
            46.866459120668
          ]
        ]
      },
      "properties": {
        "svgPathIndex": 37,
        "elementId": null,
        "category": "parking_marking",
        "fill": "none",
        "stroke": "#CCCCCC",
        "strokeWidth": 0.4,
        "__gm_id": "feature-83",
        "__gm_shape": "line"
      },
      "id": "feature-83"
    },
    {
      "type": "Feature",
      "geometry": {
        "type": "LineString",
        "coordinates": [
          [
            -113.996225815724,
            46.86642444789
          ],
          [
            -113.996202008384,
            46.866466936527
          ]
        ]
      },
      "properties": {
        "svgPathIndex": 38,
        "elementId": null,
        "category": "parking_marking",
        "fill": "none",
        "stroke": "#CCCCCC",
        "strokeWidth": 0.4,
        "__gm_id": "feature-85",
        "__gm_shape": "line"
      },
      "id": "feature-85"
    },
    {
      "type": "Feature",
      "geometry": {
        "type": "LineString",
        "coordinates": [
          [
            -113.996255744796,
            46.866432268048
          ],
          [
            -113.996232388907,
            46.866474753481
          ]
        ]
      },
      "properties": {
        "svgPathIndex": 39,
        "elementId": null,
        "category": "parking_marking",
        "fill": "none",
        "stroke": "#CCCCCC",
        "strokeWidth": 0.4,
        "__gm_id": "feature-87",
        "__gm_shape": "line"
      },
      "id": "feature-87"
    },
    {
      "type": "Feature",
      "geometry": {
        "type": "LineString",
        "coordinates": [
          [
            -113.996286125304,
            46.86644008391
          ],
          [
            -113.996262770442,
            46.866482569331
          ]
        ]
      },
      "properties": {
        "svgPathIndex": 40,
        "elementId": null,
        "category": "parking_marking",
        "fill": "none",
        "stroke": "#CCCCCC",
        "strokeWidth": 0.4,
        "__gm_id": "feature-89",
        "__gm_shape": "line"
      },
      "id": "feature-89"
    },
    {
      "type": "Feature",
      "geometry": {
        "type": "LineString",
        "coordinates": [
          [
            -113.996316506854,
            46.866447900862
          ],
          [
            -113.99629315095,
            46.866490385186
          ]
        ]
      },
      "properties": {
        "svgPathIndex": 41,
        "elementId": null,
        "category": "parking_marking",
        "fill": "none",
        "stroke": "#CCCCCC",
        "strokeWidth": 0.4,
        "__gm_id": "feature-91",
        "__gm_shape": "line"
      },
      "id": "feature-91"
    },
    {
      "type": "Feature",
      "geometry": {
        "type": "LineString",
        "coordinates": [
          [
            -113.996346887362,
            46.866455716722
          ],
          [
            -113.996323531473,
            46.866498202137
          ]
        ]
      },
      "properties": {
        "svgPathIndex": 42,
        "elementId": null,
        "category": "parking_marking",
        "fill": "none",
        "stroke": "#CCCCCC",
        "strokeWidth": 0.4,
        "__gm_id": "feature-93",
        "__gm_shape": "line"
      },
      "id": "feature-93"
    },
    {
      "type": "Feature",
      "geometry": {
        "type": "LineString",
        "coordinates": [
          [
            -113.996377267885,
            46.866463533679
          ],
          [
            -113.996353911981,
            46.86650601799
          ]
        ]
      },
      "properties": {
        "svgPathIndex": 43,
        "elementId": null,
        "category": "parking_marking",
        "fill": "none",
        "stroke": "#CCCCCC",
        "strokeWidth": 0.4,
        "__gm_id": "feature-95",
        "__gm_shape": "line"
      },
      "id": "feature-95"
    },
    {
      "type": "Feature",
      "geometry": {
        "type": "LineString",
        "coordinates": [
          [
            -113.996529172509,
            46.866502615137
          ],
          [
            -113.99650536843,
            46.866545412026
          ]
        ]
      },
      "properties": {
        "svgPathIndex": 44,
        "elementId": null,
        "category": "parking_marking",
        "fill": "none",
        "stroke": "#CCCCCC",
        "strokeWidth": 0.4,
        "__gm_id": "feature-97",
        "__gm_shape": "line"
      },
      "id": "feature-97"
    },
    {
      "type": "Feature",
      "geometry": {
        "type": "LineString",
        "coordinates": [
          [
            -113.996559101565,
            46.866510434187
          ],
          [
            -113.996535749965,
            46.866553227864
          ]
        ]
      },
      "properties": {
        "svgPathIndex": 45,
        "elementId": null,
        "category": "parking_marking",
        "fill": "none",
        "stroke": "#CCCCCC",
        "strokeWidth": 0.4,
        "__gm_id": "feature-99",
        "__gm_shape": "line"
      },
      "id": "feature-99"
    },
    {
      "type": "Feature",
      "geometry": {
        "type": "LineString",
        "coordinates": [
          [
            -113.9966198669,
            46.866526376388
          ],
          [
            -113.996596510996,
            46.86656886065
          ]
        ]
      },
      "properties": {
        "svgPathIndex": 46,
        "elementId": null,
        "category": "parking_marking",
        "fill": "none",
        "stroke": "#CCCCCC",
        "strokeWidth": 0.4,
        "__gm_id": "feature-101",
        "__gm_shape": "line"
      },
      "id": "feature-101"
    },
    {
      "type": "Feature",
      "geometry": {
        "type": "LineString",
        "coordinates": [
          [
            -113.996650247408,
            46.866534192237
          ],
          [
            -113.996626892546,
            46.866576677583
          ]
        ]
      },
      "properties": {
        "svgPathIndex": 47,
        "elementId": null,
        "category": "parking_marking",
        "fill": "none",
        "stroke": "#CCCCCC",
        "strokeWidth": 0.4,
        "__gm_id": "feature-103",
        "__gm_shape": "line"
      },
      "id": "feature-103"
    },
    {
      "type": "Feature",
      "geometry": {
        "type": "LineString",
        "coordinates": [
          [
            -113.996680628943,
            46.866542008078
          ],
          [
            -113.996657273054,
            46.866584493425
          ]
        ]
      },
      "properties": {
        "svgPathIndex": 48,
        "elementId": null,
        "category": "parking_marking",
        "fill": "none",
        "stroke": "#CCCCCC",
        "strokeWidth": 0.4,
        "__gm_id": "feature-105",
        "__gm_shape": "line"
      },
      "id": "feature-105"
    },
    {
      "type": "Feature",
      "geometry": {
        "type": "LineString",
        "coordinates": [
          [
            -113.996711009466,
            46.866549825022
          ],
          [
            -113.996687653578,
            46.866592310362
          ]
        ]
      },
      "properties": {
        "svgPathIndex": 49,
        "elementId": null,
        "category": "parking_marking",
        "fill": "none",
        "stroke": "#CCCCCC",
        "strokeWidth": 0.4,
        "__gm_id": "feature-107",
        "__gm_shape": "line"
      },
      "id": "feature-107"
    },
    {
      "type": "Feature",
      "geometry": {
        "type": "LineString",
        "coordinates": [
          [
            -113.996894653257,
            46.866597022068
          ],
          [
            -113.996871302682,
            46.86663981567
          ]
        ]
      },
      "properties": {
        "svgPathIndex": 50,
        "elementId": null,
        "category": "parking_marking",
        "fill": "none",
        "stroke": "#CCCCCC",
        "strokeWidth": 0.4,
        "__gm_id": "feature-109",
        "__gm_shape": "line"
      },
      "id": "feature-109"
    },
    {
      "type": "Feature",
      "geometry": {
        "type": "LineString",
        "coordinates": [
          [
            -113.996925039094,
            46.866605147302
          ],
          [
            -113.99690168319,
            46.866647631502
          ]
        ]
      },
      "properties": {
        "svgPathIndex": 51,
        "elementId": null,
        "category": "parking_marking",
        "fill": "none",
        "stroke": "#CCCCCC",
        "strokeWidth": 0.4,
        "__gm_id": "feature-111",
        "__gm_shape": "line"
      },
      "id": "feature-111"
    },
    {
      "type": "Feature",
      "geometry": {
        "type": "LineString",
        "coordinates": [
          [
            -113.996955419603,
            46.86661296314
          ],
          [
            -113.996932063714,
            46.86665544843
          ]
        ]
      },
      "properties": {
        "svgPathIndex": 52,
        "elementId": null,
        "category": "parking_marking",
        "fill": "none",
        "stroke": "#CCCCCC",
        "strokeWidth": 0.4,
        "__gm_id": "feature-113",
        "__gm_shape": "line"
      },
      "id": "feature-113"
    },
    {
      "type": "Feature",
      "geometry": {
        "type": "LineString",
        "coordinates": [
          [
            -113.995937124939,
            46.866458618689
          ],
          [
            -113.995913773338,
            46.866501412408
          ]
        ]
      },
      "properties": {
        "svgPathIndex": 53,
        "elementId": null,
        "category": "parking_marking",
        "fill": "none",
        "stroke": "#CCCCCC",
        "strokeWidth": 0.4,
        "__gm_id": "feature-115",
        "__gm_shape": "line"
      },
      "id": "feature-115"
    },
    {
      "type": "Feature",
      "geometry": {
        "type": "LineString",
        "coordinates": [
          [
            -113.995967505462,
            46.866466435645
          ],
          [
            -113.995943702409,
            46.866509232555
          ]
        ]
      },
      "properties": {
        "svgPathIndex": 54,
        "elementId": null,
        "category": "parking_marking",
        "fill": "none",
        "stroke": "#CCCCCC",
        "strokeWidth": 0.4,
        "__gm_id": "feature-117",
        "__gm_shape": "line"
      },
      "id": "feature-117"
    },
    {
      "type": "Feature",
      "geometry": {
        "type": "LineString",
        "coordinates": [
          [
            -113.995987683994,
            46.866520350365
          ],
          [
            -113.995974082917,
            46.866517048407
          ],
          [
            -113.995997891299,
            46.866474560899
          ],
          [
            -113.996011491334,
            46.866477861771
          ],
          [
            -113.995987683994,
            46.866520350365
          ]
        ]
      },
      "properties": {
        "svgPathIndex": 55,
        "elementId": null,
        "category": "parking_marking",
        "fill": "none",
        "stroke": "#CCCCCC",
        "strokeWidth": 0.4,
        "__gm_id": "feature-119",
        "__gm_shape": "line"
      },
      "id": "feature-119"
    },
    {
      "type": "Feature",
      "geometry": {
        "type": "LineString",
        "coordinates": [
          [
            -113.996011039882,
            46.866477864968
          ],
          [
            -113.995994801072,
            46.866479833283
          ]
        ]
      },
      "properties": {
        "svgPathIndex": 56,
        "elementId": null,
        "category": "parking_marking",
        "fill": "none",
        "stroke": "#CCCCCC",
        "strokeWidth": 0.2001,
        "__gm_id": "feature-121",
        "__gm_shape": "line"
      },
      "id": "feature-121"
    },
    {
      "type": "Feature",
      "geometry": {
        "type": "LineString",
        "coordinates": [
          [
            -113.99600796359,
            46.866484065554
          ],
          [
            -113.995991269024,
            46.866485727663
          ]
        ]
      },
      "properties": {
        "svgPathIndex": 57,
        "elementId": null,
        "category": "parking_marking",
        "fill": "none",
        "stroke": "#CCCCCC",
        "strokeWidth": 0.4,
        "__gm_id": "feature-123",
        "__gm_shape": "line"
      },
      "id": "feature-123"
    },
    {
      "type": "Feature",
      "geometry": {
        "type": "LineString",
        "coordinates": [
          [
            -113.996004430501,
            46.866489958843
          ],
          [
            -113.995988192716,
            46.866491927151
          ]
        ]
      },
      "properties": {
        "svgPathIndex": 58,
        "elementId": null,
        "category": "parking_marking",
        "fill": "none",
        "stroke": "#CCCCCC",
        "strokeWidth": 0.4,
        "__gm_id": "feature-125",
        "__gm_shape": "line"
      },
      "id": "feature-125"
    },
    {
      "type": "Feature",
      "geometry": {
        "type": "LineString",
        "coordinates": [
          [
            -113.996001349905,
            46.866495850025
          ],
          [
            -113.995984659643,
            46.866497821537
          ]
        ]
      },
      "properties": {
        "svgPathIndex": 59,
        "elementId": null,
        "category": "parking_marking",
        "fill": "none",
        "stroke": "#CCCCCC",
        "strokeWidth": 0.4,
        "__gm_id": "feature-127",
        "__gm_shape": "line"
      },
      "id": "feature-127"
    },
    {
      "type": "Feature",
      "geometry": {
        "type": "LineString",
        "coordinates": [
          [
            -113.995997821119,
            46.866502052716
          ],
          [
            -113.995981579047,
            46.866503712717
          ]
        ]
      },
      "properties": {
        "svgPathIndex": 60,
        "elementId": null,
        "category": "parking_marking",
        "fill": "none",
        "stroke": "#CCCCCC",
        "strokeWidth": 0.4,
        "__gm_id": "feature-129",
        "__gm_shape": "line"
      },
      "id": "feature-129"
    },
    {
      "type": "Feature",
      "geometry": {
        "type": "LineString",
        "coordinates": [
          [
            -113.995994740524,
            46.866507943896
          ],
          [
            -113.995978050261,
            46.866509915408
          ]
        ]
      },
      "properties": {
        "svgPathIndex": 61,
        "elementId": null,
        "category": "parking_marking",
        "fill": "none",
        "stroke": "#CCCCCC",
        "strokeWidth": 0.4,
        "__gm_id": "feature-131",
        "__gm_shape": "line"
      },
      "id": "feature-131"
    },
    {
      "type": "Feature",
      "geometry": {
        "type": "LineString",
        "coordinates": [
          [
            -113.99599120745,
            46.86651383828
          ],
          [
            -113.995974969666,
            46.866515806587
          ]
        ]
      },
      "properties": {
        "svgPathIndex": 62,
        "elementId": null,
        "category": "parking_marking",
        "fill": "none",
        "stroke": "#CCCCCC",
        "strokeWidth": 0.4,
        "__gm_id": "feature-133",
        "__gm_shape": "line"
      },
      "id": "feature-133"
    },
    {
      "type": "Feature",
      "geometry": {
        "type": "LineString",
        "coordinates": [
          [
            -113.997142510559,
            46.866648088689
          ],
          [
            -113.997080381267,
            46.866631539512
          ]
        ]
      },
      "properties": {
        "svgPathIndex": 63,
        "elementId": null,
        "category": "parking_marking",
        "fill": "none",
        "stroke": "#CCCCCC",
        "strokeWidth": 0.4,
        "__gm_id": "feature-135",
        "__gm_shape": "line"
      },
      "id": "feature-135"
    },
    {
      "type": "Feature",
      "geometry": {
        "type": "LineString",
        "coordinates": [
          [
            -113.997153968704,
            46.866627310654
          ],
          [
            -113.997092290863,
            46.866610758273
          ]
        ]
      },
      "properties": {
        "svgPathIndex": 64,
        "elementId": null,
        "category": "parking_marking",
        "fill": "none",
        "stroke": "#CCCCCC",
        "strokeWidth": 0.4,
        "__gm_id": "feature-137",
        "__gm_shape": "line"
      },
      "id": "feature-137"
    },
    {
      "type": "Feature",
      "geometry": {
        "type": "LineString",
        "coordinates": [
          [
            -113.997165883644,
            46.866606839906
          ],
          [
            -113.997104205789,
            46.866590286421
          ]
        ]
      },
      "properties": {
        "svgPathIndex": 65,
        "elementId": null,
        "category": "parking_marking",
        "fill": "none",
        "stroke": "#CCCCCC",
        "strokeWidth": 0.4,
        "__gm_id": "feature-139",
        "__gm_shape": "line"
      },
      "id": "feature-139"
    },
    {
      "type": "Feature",
      "geometry": {
        "type": "LineString",
        "coordinates": [
          [
            -113.997177793241,
            46.866586058657
          ],
          [
            -113.997116115385,
            46.866569505167
          ]
        ]
      },
      "properties": {
        "svgPathIndex": 66,
        "elementId": null,
        "category": "parking_marking",
        "fill": "none",
        "stroke": "#CCCCCC",
        "strokeWidth": 0.4,
        "__gm_id": "feature-141",
        "__gm_shape": "line"
      },
      "id": "feature-141"
    },
    {
      "type": "Feature",
      "geometry": {
        "type": "LineString",
        "coordinates": [
          [
            -113.996951010222,
            46.866555847988
          ],
          [
            -113.996927655359,
            46.866598333317
          ]
        ]
      },
      "properties": {
        "svgPathIndex": 67,
        "elementId": null,
        "category": "parking_marking",
        "fill": "none",
        "stroke": "#CCCCCC",
        "strokeWidth": 0.4,
        "__gm_id": "feature-143",
        "__gm_shape": "line"
      },
      "id": "feature-143"
    },
    {
      "type": "Feature",
      "geometry": {
        "type": "LineString",
        "coordinates": [
          [
            -113.996981391756,
            46.866563663825
          ],
          [
            -113.996958035868,
            46.866606149155
          ]
        ]
      },
      "properties": {
        "svgPathIndex": 68,
        "elementId": null,
        "category": "parking_marking",
        "fill": "none",
        "stroke": "#CCCCCC",
        "strokeWidth": 0.4,
        "__gm_id": "feature-145",
        "__gm_shape": "line"
      },
      "id": "feature-145"
    },
    {
      "type": "Feature",
      "geometry": {
        "type": "LineString",
        "coordinates": [
          [
            -113.996162456434,
            46.866351995203
          ],
          [
            -113.996139101571,
            46.866394480693
          ]
        ]
      },
      "properties": {
        "svgPathIndex": 69,
        "elementId": null,
        "category": "parking_marking",
        "fill": "none",
        "stroke": "#CCCCCC",
        "strokeWidth": 0.4,
        "__gm_id": "feature-147",
        "__gm_shape": "line"
      },
      "id": "feature-147"
    },
    {
      "type": "Feature",
      "geometry": {
        "type": "LineString",
        "coordinates": [
          [
            -113.996192837983,
            46.866359812168
          ],
          [
            -113.996169030643,
            46.866402300856
          ]
        ]
      },
      "properties": {
        "svgPathIndex": 70,
        "elementId": null,
        "category": "parking_marking",
        "fill": "none",
        "stroke": "#CCCCCC",
        "strokeWidth": 0.4,
        "__gm_id": "feature-149",
        "__gm_shape": "line"
      },
      "id": "feature-149"
    },
    {
      "type": "Feature",
      "geometry": {
        "type": "LineString",
        "coordinates": [
          [
            -113.996222767039,
            46.866367631238
          ],
          [
            -113.996199411151,
            46.866410116723
          ]
        ]
      },
      "properties": {
        "svgPathIndex": 71,
        "elementId": null,
        "category": "parking_marking",
        "fill": "none",
        "stroke": "#CCCCCC",
        "strokeWidth": 0.4,
        "__gm_id": "feature-151",
        "__gm_shape": "line"
      },
      "id": "feature-151"
    },
    {
      "type": "Feature",
      "geometry": {
        "type": "LineString",
        "coordinates": [
          [
            -113.996253147563,
            46.866375448207
          ],
          [
            -113.996229791674,
            46.866417933686
          ]
        ]
      },
      "properties": {
        "svgPathIndex": 72,
        "elementId": null,
        "category": "parking_marking",
        "fill": "none",
        "stroke": "#CCCCCC",
        "strokeWidth": 0.4,
        "__gm_id": "feature-153",
        "__gm_shape": "line"
      },
      "id": "feature-153"
    },
    {
      "type": "Feature",
      "geometry": {
        "type": "LineString",
        "coordinates": [
          [
            -113.996283528071,
            46.866383264078
          ],
          [
            -113.996260172183,
            46.86642574955
          ]
        ]
      },
      "properties": {
        "svgPathIndex": 73,
        "elementId": null,
        "category": "parking_marking",
        "fill": "none",
        "stroke": "#CCCCCC",
        "strokeWidth": 0.4,
        "__gm_id": "feature-155",
        "__gm_shape": "line"
      },
      "id": "feature-155"
    },
    {
      "type": "Feature",
      "geometry": {
        "type": "LineString",
        "coordinates": [
          [
            -113.996313908595,
            46.866391081045
          ],
          [
            -113.99629055802,
            46.86643387481
          ]
        ]
      },
      "properties": {
        "svgPathIndex": 74,
        "elementId": null,
        "category": "parking_marking",
        "fill": "none",
        "stroke": "#CCCCCC",
        "strokeWidth": 0.4,
        "__gm_id": "feature-157",
        "__gm_shape": "line"
      },
      "id": "feature-157"
    },
    {
      "type": "Feature",
      "geometry": {
        "type": "LineString",
        "coordinates": [
          [
            -113.996344290129,
            46.866398896906
          ],
          [
            -113.996320938528,
            46.866441690673
          ]
        ]
      },
      "properties": {
        "svgPathIndex": 75,
        "elementId": null,
        "category": "parking_marking",
        "fill": "none",
        "stroke": "#CCCCCC",
        "strokeWidth": 0.4,
        "__gm_id": "feature-159",
        "__gm_shape": "line"
      },
      "id": "feature-159"
    },
    {
      "type": "Feature",
      "geometry": {
        "type": "LineString",
        "coordinates": [
          [
            -113.996374670652,
            46.866406713871
          ],
          [
            -113.996351319052,
            46.866449507631
          ]
        ]
      },
      "properties": {
        "svgPathIndex": 76,
        "elementId": null,
        "category": "parking_marking",
        "fill": "none",
        "stroke": "#CCCCCC",
        "strokeWidth": 0.4,
        "__gm_id": "feature-161",
        "__gm_shape": "line"
      },
      "id": "feature-161"
    },
    {
      "type": "Feature",
      "geometry": {
        "type": "LineString",
        "coordinates": [
          [
            -113.996405051161,
            46.866414529737
          ],
          [
            -113.99638169956,
            46.866457323491
          ]
        ]
      },
      "properties": {
        "svgPathIndex": 77,
        "elementId": null,
        "category": "parking_marking",
        "fill": "none",
        "stroke": "#CCCCCC",
        "strokeWidth": 0.4,
        "__gm_id": "feature-163",
        "__gm_shape": "line"
      },
      "id": "feature-163"
    },
    {
      "type": "Feature",
      "geometry": {
        "type": "LineString",
        "coordinates": [
          [
            -113.996040933359,
            46.866320730605
          ],
          [
            -113.996017577471,
            46.866363216127
          ]
        ]
      },
      "properties": {
        "svgPathIndex": 78,
        "elementId": null,
        "category": "parking_marking",
        "fill": "none",
        "stroke": "#CCCCCC",
        "strokeWidth": 0.4,
        "__gm_id": "feature-165",
        "__gm_shape": "line"
      },
      "id": "feature-165"
    },
    {
      "type": "Feature",
      "geometry": {
        "type": "LineString",
        "coordinates": [
          [
            -113.996071314894,
            46.866328546476
          ],
          [
            -113.996047959005,
            46.866371031992
          ]
        ]
      },
      "properties": {
        "svgPathIndex": 79,
        "elementId": null,
        "category": "parking_marking",
        "fill": "none",
        "stroke": "#CCCCCC",
        "strokeWidth": 0.4,
        "__gm_id": "feature-167",
        "__gm_shape": "line"
      },
      "id": "feature-167"
    },
    {
      "type": "Feature",
      "geometry": {
        "type": "LineString",
        "coordinates": [
          [
            -113.996101695417,
            46.866336363451
          ],
          [
            -113.996078339513,
            46.866378847864
          ]
        ]
      },
      "properties": {
        "svgPathIndex": 80,
        "elementId": null,
        "category": "parking_marking",
        "fill": "none",
        "stroke": "#CCCCCC",
        "strokeWidth": 0.4,
        "__gm_id": "feature-169",
        "__gm_shape": "line"
      },
      "id": "feature-169"
    },
    {
      "type": "Feature",
      "geometry": {
        "type": "LineString",
        "coordinates": [
          [
            -113.996132075925,
            46.866344179328
          ],
          [
            -113.996108720037,
            46.866386664831
          ]
        ]
      },
      "properties": {
        "svgPathIndex": 81,
        "elementId": null,
        "category": "parking_marking",
        "fill": "none",
        "stroke": "#CCCCCC",
        "strokeWidth": 0.4,
        "__gm_id": "feature-171",
        "__gm_shape": "line"
      },
      "id": "feature-171"
    },
    {
      "type": "Feature",
      "geometry": {
        "type": "LineString",
        "coordinates": [
          [
            -113.996396732104,
            46.866303691513
          ],
          [
            -113.996373377241,
            46.866346177042
          ]
        ]
      },
      "properties": {
        "svgPathIndex": 82,
        "elementId": null,
        "category": "parking_marking",
        "fill": "none",
        "stroke": "#CCCCCC",
        "strokeWidth": 0.4,
        "__gm_id": "feature-173",
        "__gm_shape": "line"
      },
      "id": "feature-173"
    },
    {
      "type": "Feature",
      "geometry": {
        "type": "LineString",
        "coordinates": [
          [
            -113.996427113653,
            46.866311508485
          ],
          [
            -113.996403757765,
            46.866353994014
          ]
        ]
      },
      "properties": {
        "svgPathIndex": 83,
        "elementId": null,
        "category": "parking_marking",
        "fill": "none",
        "stroke": "#CCCCCC",
        "strokeWidth": 0.4,
        "__gm_id": "feature-175",
        "__gm_shape": "line"
      },
      "id": "feature-175"
    },
    {
      "type": "Feature",
      "geometry": {
        "type": "LineString",
        "coordinates": [
          [
            -113.996457494162,
            46.866319324365
          ],
          [
            -113.996434138273,
            46.866361809888
          ]
        ]
      },
      "properties": {
        "svgPathIndex": 84,
        "elementId": null,
        "category": "parking_marking",
        "fill": "none",
        "stroke": "#CCCCCC",
        "strokeWidth": 0.4,
        "__gm_id": "feature-177",
        "__gm_shape": "line"
      },
      "id": "feature-177"
    },
    {
      "type": "Feature",
      "geometry": {
        "type": "LineString",
        "coordinates": [
          [
            -113.996726942461,
            46.86633100819
          ],
          [
            -113.996703135121,
            46.866373496901
          ]
        ]
      },
      "properties": {
        "svgPathIndex": 85,
        "elementId": null,
        "category": "parking_marking",
        "fill": "none",
        "stroke": "#CCCCCC",
        "strokeWidth": 0.4,
        "__gm_id": "feature-179",
        "__gm_shape": "line"
      },
      "id": "feature-179"
    },
    {
      "type": "Feature",
      "geometry": {
        "type": "LineString",
        "coordinates": [
          [
            -113.996756871533,
            46.866338828361
          ],
          [
            -113.996733515629,
            46.866381312772
          ]
        ]
      },
      "properties": {
        "svgPathIndex": 86,
        "elementId": null,
        "category": "parking_marking",
        "fill": "none",
        "stroke": "#CCCCCC",
        "strokeWidth": 0.4,
        "__gm_id": "feature-181",
        "__gm_shape": "line"
      },
      "id": "feature-181"
    },
    {
      "type": "Feature",
      "geometry": {
        "type": "LineString",
        "coordinates": [
          [
            -113.996787252041,
            46.866346644238
          ],
          [
            -113.996763897179,
            46.866389129732
          ]
        ]
      },
      "properties": {
        "svgPathIndex": 87,
        "elementId": null,
        "category": "parking_marking",
        "fill": "none",
        "stroke": "#CCCCCC",
        "strokeWidth": 0.4,
        "__gm_id": "feature-183",
        "__gm_shape": "line"
      },
      "id": "feature-183"
    },
    {
      "type": "Feature",
      "geometry": {
        "type": "LineString",
        "coordinates": [
          [
            -113.996817633575,
            46.866354460105
          ],
          [
            -113.996794277687,
            46.866396945601
          ]
        ]
      },
      "properties": {
        "svgPathIndex": 88,
        "elementId": null,
        "category": "parking_marking",
        "fill": "none",
        "stroke": "#CCCCCC",
        "strokeWidth": 0.4,
        "__gm_id": "feature-185",
        "__gm_shape": "line"
      },
      "id": "feature-185"
    },
    {
      "type": "Feature",
      "geometry": {
        "type": "LineString",
        "coordinates": [
          [
            -113.996848014099,
            46.866362277077
          ],
          [
            -113.99682465821,
            46.866404762566
          ]
        ]
      },
      "properties": {
        "svgPathIndex": 89,
        "elementId": null,
        "category": "surface",
        "fill": "none",
        "stroke": "white",
        "strokeWidth": 0.2001,
        "__gm_id": "feature-187",
        "__gm_shape": "line"
      },
      "id": "feature-187"
    },
    {
      "type": "Feature",
      "geometry": {
        "type": "LineString",
        "coordinates": [
          [
            -113.996635795592,
            46.866307250056
          ],
          [
            -113.996612445033,
            46.866350044986
          ]
        ]
      },
      "properties": {
        "svgPathIndex": 90,
        "elementId": null,
        "category": "parking_marking",
        "fill": "none",
        "stroke": "#CCCCCC",
        "strokeWidth": 0.4,
        "__gm_id": "feature-189",
        "__gm_shape": "line"
      },
      "id": "feature-189"
    },
    {
      "type": "Feature",
      "geometry": {
        "type": "LineString",
        "coordinates": [
          [
            -113.996666177142,
            46.866315067027
          ],
          [
            -113.996642825541,
            46.86635786086
          ]
        ]
      },
      "properties": {
        "svgPathIndex": 91,
        "elementId": null,
        "category": "parking_marking",
        "fill": "none",
        "stroke": "#CCCCCC",
        "strokeWidth": 0.4,
        "__gm_id": "feature-191",
        "__gm_shape": "line"
      },
      "id": "feature-191"
    },
    {
      "type": "Feature",
      "geometry": {
        "type": "LineString",
        "coordinates": [
          [
            -113.99669655765,
            46.866322882907
          ],
          [
            -113.996672754597,
            46.866365679931
          ]
        ]
      },
      "properties": {
        "svgPathIndex": 92,
        "elementId": null,
        "category": "parking_marking",
        "fill": "none",
        "stroke": "#CCCCCC",
        "strokeWidth": 0.4,
        "__gm_id": "feature-193",
        "__gm_shape": "line"
      },
      "id": "feature-193"
    },
    {
      "type": "Feature",
      "geometry": {
        "type": "LineString",
        "coordinates": [
          [
            -113.996969537188,
            46.866393542748
          ],
          [
            -113.996946181285,
            46.866436027115
          ]
        ]
      },
      "properties": {
        "svgPathIndex": 93,
        "elementId": null,
        "category": "parking_marking",
        "fill": "none",
        "stroke": "#CCCCCC",
        "strokeWidth": 0.4,
        "__gm_id": "feature-195",
        "__gm_shape": "line"
      },
      "id": "feature-195"
    },
    {
      "type": "Feature",
      "geometry": {
        "type": "LineString",
        "coordinates": [
          [
            -113.996999917697,
            46.866401358616
          ],
          [
            -113.996976566096,
            46.866444152381
          ]
        ]
      },
      "properties": {
        "svgPathIndex": 94,
        "elementId": null,
        "category": "parking_marking",
        "fill": "none",
        "stroke": "#CCCCCC",
        "strokeWidth": 0.4,
        "__gm_id": "feature-197",
        "__gm_shape": "line"
      },
      "id": "feature-197"
    },
    {
      "type": "Feature",
      "geometry": {
        "type": "LineString",
        "coordinates": [
          [
            -113.996848014099,
            46.866362277077
          ],
          [
            -113.99682465821,
            46.866404762566
          ]
        ]
      },
      "properties": {
        "svgPathIndex": 95,
        "elementId": null,
        "category": "parking_marking",
        "fill": "none",
        "stroke": "#CCCCCC",
        "strokeWidth": 0.4,
        "__gm_id": "feature-199",
        "__gm_shape": "line"
      },
      "id": "feature-199"
    },
    {
      "type": "Feature",
      "geometry": {
        "type": "LineString",
        "coordinates": [
          [
            -113.996878394607,
            46.866370092949
          ],
          [
            -113.996855038719,
            46.866412578432
          ]
        ]
      },
      "properties": {
        "svgPathIndex": 96,
        "elementId": null,
        "category": "parking_marking",
        "fill": "none",
        "stroke": "#CCCCCC",
        "strokeWidth": 0.4,
        "__gm_id": "feature-201",
        "__gm_shape": "line"
      },
      "id": "feature-201"
    },
    {
      "type": "Feature",
      "geometry": {
        "type": "LineString",
        "coordinates": [
          [
            -113.996908776157,
            46.866377909911
          ],
          [
            -113.996885420253,
            46.86642039429
          ]
        ]
      },
      "properties": {
        "svgPathIndex": 97,
        "elementId": null,
        "category": "parking_marking",
        "fill": "none",
        "stroke": "#CCCCCC",
        "strokeWidth": 0.4,
        "__gm_id": "feature-203",
        "__gm_shape": "line"
      },
      "id": "feature-203"
    },
    {
      "type": "Feature",
      "geometry": {
        "type": "LineString",
        "coordinates": [
          [
            -113.996939156665,
            46.866385725781
          ],
          [
            -113.996915800776,
            46.866428211252
          ]
        ]
      },
      "properties": {
        "svgPathIndex": 98,
        "elementId": null,
        "category": "parking_marking",
        "fill": "none",
        "stroke": "#CCCCCC",
        "strokeWidth": 0.4,
        "__gm_id": "feature-205",
        "__gm_shape": "line"
      },
      "id": "feature-205"
    },
    {
      "type": "Feature",
      "geometry": {
        "type": "LineString",
        "coordinates": [
          [
            -113.996734943835,
            46.866224070285
          ],
          [
            -113.996711587947,
            46.866266555883
          ]
        ]
      },
      "properties": {
        "svgPathIndex": 99,
        "elementId": null,
        "category": "parking_marking",
        "fill": "none",
        "stroke": "#CCCCCC",
        "strokeWidth": 0.4,
        "__gm_id": "feature-207",
        "__gm_shape": "line"
      },
      "id": "feature-207"
    },
    {
      "type": "Feature",
      "geometry": {
        "type": "LineString",
        "coordinates": [
          [
            -113.996765324359,
            46.866231887275
          ],
          [
            -113.996741521306,
            46.866274684372
          ]
        ]
      },
      "properties": {
        "svgPathIndex": 100,
        "elementId": null,
        "category": "parking_marking",
        "fill": "none",
        "stroke": "#CCCCCC",
        "strokeWidth": 0.4,
        "__gm_id": "feature-209",
        "__gm_shape": "line"
      },
      "id": "feature-209"
    },
    {
      "type": "Feature",
      "geometry": {
        "type": "LineString",
        "coordinates": [
          [
            -113.996613420761,
            46.866192805612
          ],
          [
            -113.996590064857,
            46.866235290138
          ]
        ]
      },
      "properties": {
        "svgPathIndex": 101,
        "elementId": null,
        "category": "parking_marking",
        "fill": "none",
        "stroke": "#CCCCCC",
        "strokeWidth": 0.4,
        "__gm_id": "feature-211",
        "__gm_shape": "line"
      },
      "id": "feature-211"
    },
    {
      "type": "Feature",
      "geometry": {
        "type": "LineString",
        "coordinates": [
          [
            -113.996643801269,
            46.866200621509
          ],
          [
            -113.996620445381,
            46.866243107126
          ]
        ]
      },
      "properties": {
        "svgPathIndex": 102,
        "elementId": null,
        "category": "parking_marking",
        "fill": "none",
        "stroke": "#CCCCCC",
        "strokeWidth": 0.4,
        "__gm_id": "feature-213",
        "__gm_shape": "line"
      },
      "id": "feature-213"
    },
    {
      "type": "Feature",
      "geometry": {
        "type": "LineString",
        "coordinates": [
          [
            -113.996674181778,
            46.866208437406
          ],
          [
            -113.996650826915,
            46.866250923009
          ]
        ]
      },
      "properties": {
        "svgPathIndex": 103,
        "elementId": null,
        "category": "parking_marking",
        "fill": "none",
        "stroke": "#CCCCCC",
        "strokeWidth": 0.4,
        "__gm_id": "feature-215",
        "__gm_shape": "line"
      },
      "id": "feature-215"
    },
    {
      "type": "Feature",
      "geometry": {
        "type": "LineString",
        "coordinates": [
          [
            -113.996704563327,
            46.866216254391
          ],
          [
            -113.996681207439,
            46.866258739995
          ]
        ]
      },
      "properties": {
        "svgPathIndex": 104,
        "elementId": null,
        "category": "parking_marking",
        "fill": "none",
        "stroke": "#CCCCCC",
        "strokeWidth": 0.4,
        "__gm_id": "feature-217",
        "__gm_shape": "line"
      },
      "id": "feature-217"
    },
    {
      "type": "Feature",
      "geometry": {
        "type": "LineString",
        "coordinates": [
          [
            -113.996916780792,
            46.866271280414
          ],
          [
            -113.996893424904,
            46.866313765975
          ]
        ]
      },
      "properties": {
        "svgPathIndex": 105,
        "elementId": null,
        "category": "parking_marking",
        "fill": "none",
        "stroke": "#CCCCCC",
        "strokeWidth": 0.4,
        "__gm_id": "feature-219",
        "__gm_shape": "line"
      },
      "id": "feature-219"
    },
    {
      "type": "Feature",
      "geometry": {
        "type": "LineString",
        "coordinates": [
          [
            -113.996947161316,
            46.866279097397
          ],
          [
            -113.996923806453,
            46.866321582945
          ]
        ]
      },
      "properties": {
        "svgPathIndex": 106,
        "elementId": null,
        "category": "parking_marking",
        "fill": "none",
        "stroke": "#CCCCCC",
        "strokeWidth": 0.4,
        "__gm_id": "feature-221",
        "__gm_shape": "line"
      },
      "id": "feature-221"
    },
    {
      "type": "Feature",
      "geometry": {
        "type": "LineString",
        "coordinates": [
          [
            -113.996795704867,
            46.866239703167
          ],
          [
            -113.996771901814,
            46.866282500257
          ]
        ]
      },
      "properties": {
        "svgPathIndex": 107,
        "elementId": null,
        "category": "parking_marking",
        "fill": "none",
        "stroke": "#CCCCCC",
        "strokeWidth": 0.4,
        "__gm_id": "feature-223",
        "__gm_shape": "line"
      },
      "id": "feature-223"
    },
    {
      "type": "Feature",
      "geometry": {
        "type": "LineString",
        "coordinates": [
          [
            -113.996825633939,
            46.866247523352
          ],
          [
            -113.996802283364,
            46.866290317232
          ]
        ]
      },
      "properties": {
        "svgPathIndex": 108,
        "elementId": null,
        "category": "parking_marking",
        "fill": "none",
        "stroke": "#CCCCCC",
        "strokeWidth": 0.4,
        "__gm_id": "feature-225",
        "__gm_shape": "line"
      },
      "id": "feature-225"
    },
    {
      "type": "Feature",
      "geometry": {
        "type": "LineString",
        "coordinates": [
          [
            -113.996856015473,
            46.866255339234
          ],
          [
            -113.996832663872,
            46.866298133115
          ]
        ]
      },
      "properties": {
        "svgPathIndex": 109,
        "elementId": null,
        "category": "parking_marking",
        "fill": "none",
        "stroke": "#CCCCCC",
        "strokeWidth": 0.4,
        "__gm_id": "feature-227",
        "__gm_shape": "line"
      },
      "id": "feature-227"
    },
    {
      "type": "Feature",
      "geometry": {
        "type": "LineString",
        "coordinates": [
          [
            -113.996886400284,
            46.866263464527
          ],
          [
            -113.996863044396,
            46.866305950094
          ]
        ]
      },
      "properties": {
        "svgPathIndex": 110,
        "elementId": null,
        "category": "parking_marking",
        "fill": "none",
        "stroke": "#CCCCCC",
        "strokeWidth": 0.4,
        "__gm_id": "feature-229",
        "__gm_shape": "line"
      },
      "id": "feature-229"
    },
    {
      "type": "Feature",
      "geometry": {
        "type": "LineString",
        "coordinates": [
          [
            -113.997007923374,
            46.866294730256
          ],
          [
            -113.996984567485,
            46.866337215798
          ]
        ]
      },
      "properties": {
        "svgPathIndex": 111,
        "elementId": null,
        "category": "parking_marking",
        "fill": "none",
        "stroke": "#CCCCCC",
        "strokeWidth": 0.4,
        "__gm_id": "feature-231",
        "__gm_shape": "line"
      },
      "id": "feature-231"
    },
    {
      "type": "Feature",
      "geometry": {
        "type": "LineString",
        "coordinates": [
          [
            -113.997038303882,
            46.866302546139
          ],
          [
            -113.997014947993,
            46.866345031675
          ]
        ]
      },
      "properties": {
        "svgPathIndex": 112,
        "elementId": null,
        "category": "parking_marking",
        "fill": "none",
        "stroke": "#CCCCCC",
        "strokeWidth": 0.4,
        "__gm_id": "feature-233",
        "__gm_shape": "line"
      },
      "id": "feature-233"
    },
    {
      "type": "Feature",
      "geometry": {
        "type": "LineString",
        "coordinates": [
          [
            -113.99697754285,
            46.866286913275
          ],
          [
            -113.996954186962,
            46.866329398824
          ]
        ]
      },
      "properties": {
        "svgPathIndex": 113,
        "elementId": null,
        "category": "parking_marking",
        "fill": "none",
        "stroke": "#CCCCCC",
        "strokeWidth": 0.4,
        "__gm_id": "feature-235",
        "__gm_shape": "line"
      },
      "id": "feature-235"
    },
    {
      "type": "Feature",
      "geometry": {
        "type": "LineString",
        "coordinates": [
          [
            -113.997087728478,
            46.866315170423
          ],
          [
            -113.99706437259,
            46.866357655949
          ]
        ]
      },
      "properties": {
        "svgPathIndex": 114,
        "elementId": null,
        "category": "parking_marking",
        "fill": "none",
        "stroke": "#CCCCCC",
        "strokeWidth": 0.4,
        "__gm_id": "feature-237",
        "__gm_shape": "line"
      },
      "id": "feature-237"
    },
    {
      "type": "Feature",
      "geometry": {
        "type": "LineString",
        "coordinates": [
          [
            -113.997118108987,
            46.866322986302
          ],
          [
            -113.997094753098,
            46.866365471823
          ]
        ]
      },
      "properties": {
        "svgPathIndex": 115,
        "elementId": null,
        "category": "parking_marking",
        "fill": "none",
        "stroke": "#CCCCCC",
        "strokeWidth": 0.4,
        "__gm_id": "feature-239",
        "__gm_shape": "line"
      },
      "id": "feature-239"
    },
    {
      "type": "Feature",
      "geometry": {
        "type": "LineString",
        "coordinates": [
          [
            -113.997057347955,
            46.866307353445
          ],
          [
            -113.997033992066,
            46.866349838977
          ]
        ]
      },
      "properties": {
        "svgPathIndex": 116,
        "elementId": null,
        "category": "parking_marking",
        "fill": "none",
        "stroke": "#CCCCCC",
        "strokeWidth": 0.4,
        "__gm_id": "feature-241",
        "__gm_shape": "line"
      },
      "id": "feature-241"
    },
    {
      "type": "Feature",
      "geometry": {
        "type": "LineString",
        "coordinates": [
          [
            -113.996482025437,
            46.866231422535
          ],
          [
            -113.996480959705,
            46.866187256544
          ]
        ]
      },
      "properties": {
        "svgPathIndex": 117,
        "elementId": null,
        "category": "parking_marking",
        "fill": "none",
        "stroke": "#CCCCCC",
        "strokeWidth": 0.4,
        "__gm_id": "feature-243",
        "__gm_shape": "line"
      },
      "id": "feature-243"
    },
    {
      "type": "Feature",
      "geometry": {
        "type": "LineString",
        "coordinates": [
          [
            -113.996449045846,
            46.866231656099
          ],
          [
            -113.996448431566,
            46.866187486912
          ]
        ]
      },
      "properties": {
        "svgPathIndex": 118,
        "elementId": null,
        "category": "parking_marking",
        "fill": "none",
        "stroke": "#CCCCCC",
        "strokeWidth": 0.4,
        "__gm_id": "feature-245",
        "__gm_shape": "line"
      },
      "id": "feature-245"
    },
    {
      "type": "Feature",
      "geometry": {
        "type": "LineString",
        "coordinates": [
          [
            -113.996416517706,
            46.866231886467
          ],
          [
            -113.996415903426,
            46.86618771728
          ]
        ]
      },
      "properties": {
        "svgPathIndex": 119,
        "elementId": null,
        "category": "parking_marking",
        "fill": "none",
        "stroke": "#CCCCCC",
        "strokeWidth": 0.4,
        "__gm_id": "feature-247",
        "__gm_shape": "line"
      },
      "id": "feature-247"
    },
    {
      "type": "Feature",
      "geometry": {
        "type": "LineString",
        "coordinates": [
          [
            -113.996383989566,
            46.866232116835
          ],
          [
            -113.996382923834,
            46.866187950845
          ]
        ]
      },
      "properties": {
        "svgPathIndex": 120,
        "elementId": null,
        "category": "parking_marking",
        "fill": "none",
        "stroke": "#CCCCCC",
        "strokeWidth": 0.4,
        "__gm_id": "feature-249",
        "__gm_shape": "line"
      },
      "id": "feature-249"
    },
    {
      "type": "Feature",
      "geometry": {
        "type": "LineString",
        "coordinates": [
          [
            -113.996351461427,
            46.866232347202
          ],
          [
            -113.996350395694,
            46.866188181213
          ]
        ]
      },
      "properties": {
        "svgPathIndex": 121,
        "elementId": null,
        "category": "parking_marking",
        "fill": "none",
        "stroke": "#CCCCCC",
        "strokeWidth": 0.4,
        "__gm_id": "feature-251",
        "__gm_shape": "line"
      },
      "id": "feature-251"
    },
    {
      "type": "Feature",
      "geometry": {
        "type": "LineString",
        "coordinates": [
          [
            -113.996318481835,
            46.866232580767
          ],
          [
            -113.996317867555,
            46.86618841158
          ]
        ]
      },
      "properties": {
        "svgPathIndex": 122,
        "elementId": null,
        "category": "parking_marking",
        "fill": "none",
        "stroke": "#CCCCCC",
        "strokeWidth": 0.4,
        "__gm_id": "feature-253",
        "__gm_shape": "line"
      },
      "id": "feature-253"
    },
    {
      "type": "Feature",
      "geometry": {
        "type": "LineString",
        "coordinates": [
          [
            -113.996285953695,
            46.866232811135
          ],
          [
            -113.996285339415,
            46.866188641948
          ]
        ]
      },
      "properties": {
        "svgPathIndex": 123,
        "elementId": null,
        "category": "parking_marking",
        "fill": "none",
        "stroke": "#CCCCCC",
        "strokeWidth": 0.4,
        "__gm_id": "feature-255",
        "__gm_shape": "line"
      },
      "id": "feature-255"
    },
    {
      "type": "Feature",
      "geometry": {
        "type": "LineString",
        "coordinates": [
          [
            -113.996253425555,
            46.866233041502
          ],
          [
            -113.996252359823,
            46.866188875513
          ]
        ]
      },
      "properties": {
        "svgPathIndex": 124,
        "elementId": null,
        "category": "parking_marking",
        "fill": "none",
        "stroke": "#CCCCCC",
        "strokeWidth": 0.4,
        "__gm_id": "feature-257",
        "__gm_shape": "line"
      },
      "id": "feature-257"
    },
    {
      "type": "Feature",
      "geometry": {
        "type": "LineString",
        "coordinates": [
          [
            -113.996220898442,
            46.866233271863
          ],
          [
            -113.996219831684,
            46.866189105881
          ]
        ]
      },
      "properties": {
        "svgPathIndex": 125,
        "elementId": null,
        "category": "parking_marking",
        "fill": "none",
        "stroke": "#CCCCCC",
        "strokeWidth": 0.4,
        "__gm_id": "feature-259",
        "__gm_shape": "line"
      },
      "id": "feature-259"
    },
    {
      "type": "Feature",
      "geometry": {
        "type": "LineString",
        "coordinates": [
          [
            -113.996187917824,
            46.866233505435
          ],
          [
            -113.996187303544,
            46.866189336249
          ]
        ]
      },
      "properties": {
        "svgPathIndex": 126,
        "elementId": null,
        "category": "parking_marking",
        "fill": "none",
        "stroke": "#CCCCCC",
        "strokeWidth": 0.4,
        "__gm_id": "feature-261",
        "__gm_shape": "line"
      },
      "id": "feature-261"
    },
    {
      "type": "Feature",
      "geometry": {
        "type": "LineString",
        "coordinates": [
          [
            -113.99615539071,
            46.866233735795
          ],
          [
            -113.99615477643,
            46.866189566609
          ]
        ]
      },
      "properties": {
        "svgPathIndex": 127,
        "elementId": null,
        "category": "parking_marking",
        "fill": "none",
        "stroke": "#CCCCCC",
        "strokeWidth": 0.4,
        "__gm_id": "feature-263",
        "__gm_shape": "line"
      },
      "id": "feature-263"
    },
    {
      "type": "Feature",
      "geometry": {
        "type": "LineString",
        "coordinates": [
          [
            -113.996122862571,
            46.866233966163
          ],
          [
            -113.996121795812,
            46.866189800182
          ]
        ]
      },
      "properties": {
        "svgPathIndex": 128,
        "elementId": null,
        "category": "parking_marking",
        "fill": "none",
        "stroke": "#CCCCCC",
        "strokeWidth": 0.4,
        "__gm_id": "feature-265",
        "__gm_shape": "line"
      },
      "id": "feature-265"
    },
    {
      "type": "Feature",
      "geometry": {
        "type": "LineString",
        "coordinates": [
          [
            -113.996090334431,
            46.86623419653
          ],
          [
            -113.996089268699,
            46.866190030542
          ]
        ]
      },
      "properties": {
        "svgPathIndex": 129,
        "elementId": null,
        "category": "parking_marking",
        "fill": "none",
        "stroke": "#CCCCCC",
        "strokeWidth": 0.4,
        "__gm_id": "feature-267",
        "__gm_shape": "line"
      },
      "id": "feature-267"
    },
    {
      "type": "Feature",
      "geometry": {
        "type": "LineString",
        "coordinates": [
          [
            -113.996057806291,
            46.866234426898
          ],
          [
            -113.996056740559,
            46.86619026091
          ]
        ]
      },
      "properties": {
        "svgPathIndex": 130,
        "elementId": null,
        "category": "parking_marking",
        "fill": "none",
        "stroke": "#CCCCCC",
        "strokeWidth": 0.4,
        "__gm_id": "feature-269",
        "__gm_shape": "line"
      },
      "id": "feature-269"
    },
    {
      "type": "Feature",
      "geometry": {
        "type": "LineString",
        "coordinates": [
          [
            -113.9960248267,
            46.866234660463
          ],
          [
            -113.996024212419,
            46.866190491278
          ]
        ]
      },
      "properties": {
        "svgPathIndex": 131,
        "elementId": null,
        "category": "parking_marking",
        "fill": "none",
        "stroke": "#CCCCCC",
        "strokeWidth": 0.4,
        "__gm_id": "feature-271",
        "__gm_shape": "line"
      },
      "id": "feature-271"
    },
    {
      "type": "Feature",
      "geometry": {
        "type": "LineString",
        "coordinates": [
          [
            -113.99599229856,
            46.86623489083
          ],
          [
            -113.99599168428,
            46.866190721646
          ]
        ]
      },
      "properties": {
        "svgPathIndex": 132,
        "elementId": null,
        "category": "parking_marking",
        "fill": "none",
        "stroke": "#CCCCCC",
        "strokeWidth": 0.4,
        "__gm_id": "feature-273",
        "__gm_shape": "line"
      },
      "id": "feature-273"
    },
    {
      "type": "Feature",
      "geometry": {
        "type": "LineString",
        "coordinates": [
          [
            -113.99595977042,
            46.866235121198
          ],
          [
            -113.995958704688,
            46.866190955211
          ]
        ]
      },
      "properties": {
        "svgPathIndex": 133,
        "elementId": null,
        "category": "parking_marking",
        "fill": "none",
        "stroke": "#CCCCCC",
        "strokeWidth": 0.4,
        "__gm_id": "feature-275",
        "__gm_shape": "line"
      },
      "id": "feature-275"
    },
    {
      "type": "Feature",
      "geometry": {
        "type": "LineString",
        "coordinates": [
          [
            -113.995880815026,
            46.86634070717
          ],
          [
            -113.995816666979,
            46.866341470907
          ]
        ]
      },
      "properties": {
        "svgPathIndex": 134,
        "elementId": null,
        "category": "parking_marking",
        "fill": "none",
        "stroke": "#CCCCCC",
        "strokeWidth": 0.4,
        "__gm_id": "feature-277",
        "__gm_shape": "line"
      },
      "id": "feature-277"
    },
    {
      "type": "Feature",
      "geometry": {
        "type": "LineString",
        "coordinates": [
          [
            -113.995881124309,
            46.866362945859
          ],
          [
            -113.995816976263,
            46.866363709595
          ]
        ]
      },
      "properties": {
        "svgPathIndex": 135,
        "elementId": null,
        "category": "parking_marking",
        "fill": "none",
        "stroke": "#CCCCCC",
        "strokeWidth": 0.4,
        "__gm_id": "feature-279",
        "__gm_shape": "line"
      },
      "id": "feature-279"
    },
    {
      "type": "Feature",
      "geometry": {
        "type": "LineString",
        "coordinates": [
          [
            -113.995881437896,
            46.866385493942
          ],
          [
            -113.995817285547,
            46.866385948275
          ]
        ]
      },
      "properties": {
        "svgPathIndex": 136,
        "elementId": null,
        "category": "parking_marking",
        "fill": "none",
        "stroke": "#CCCCCC",
        "strokeWidth": 0.4,
        "__gm_id": "feature-281",
        "__gm_shape": "line"
      },
      "id": "feature-281"
    },
    {
      "type": "Feature",
      "geometry": {
        "type": "LineString",
        "coordinates": [
          [
            -113.99588174718,
            46.866407732612
          ],
          [
            -113.995817594831,
            46.866408186944
          ]
        ]
      },
      "properties": {
        "svgPathIndex": 137,
        "elementId": null,
        "category": "parking_marking",
        "fill": "none",
        "stroke": "#CCCCCC",
        "strokeWidth": 0.4,
        "__gm_id": "feature-283",
        "__gm_shape": "line"
      },
      "id": "feature-283"
    },
    {
      "type": "Feature",
      "geometry": {
        "type": "LineString",
        "coordinates": [
          [
            -113.99588205648,
            46.866429972371
          ],
          [
            -113.995817908418,
            46.866430735009
          ]
        ]
      },
      "properties": {
        "svgPathIndex": 138,
        "elementId": null,
        "category": "parking_marking",
        "fill": "none",
        "stroke": "#CCCCCC",
        "strokeWidth": 0.4,
        "__gm_id": "feature-285",
        "__gm_shape": "line"
      },
      "id": "feature-285"
    },
    {
      "type": "Feature",
      "geometry": {
        "type": "LineString",
        "coordinates": [
          [
            -113.99720093803,
            46.866398389998
          ],
          [
            -113.997136333203,
            46.866398847534
          ]
        ]
      },
      "properties": {
        "svgPathIndex": 139,
        "elementId": null,
        "category": "parking_marking",
        "fill": "none",
        "stroke": "#CCCCCC",
        "strokeWidth": 0.4,
        "__gm_id": "feature-287",
        "__gm_shape": "line"
      },
      "id": "feature-287"
    },
    {
      "type": "Feature",
      "geometry": {
        "type": "LineString",
        "coordinates": [
          [
            -113.997201251617,
            46.866420938066
          ],
          [
            -113.997136642502,
            46.866421087296
          ]
        ]
      },
      "properties": {
        "svgPathIndex": 140,
        "elementId": null,
        "category": "parking_marking",
        "fill": "none",
        "stroke": "#CCCCCC",
        "strokeWidth": 0.4,
        "__gm_id": "feature-289",
        "__gm_shape": "line"
      },
      "id": "feature-289"
    },
    {
      "type": "Feature",
      "geometry": {
        "type": "LineString",
        "coordinates": [
          [
            -113.997201698369,
            46.866453061175
          ],
          [
            -113.997135282405,
            46.866453222104
          ],
          [
            -113.997135144952,
            46.866443338747
          ],
          [
            -113.997201560901,
            46.866443176721
          ],
          [
            -113.997201698369,
            46.866453061175
          ]
        ]
      },
      "properties": {
        "svgPathIndex": 141,
        "elementId": null,
        "category": "parking_marking",
        "fill": "none",
        "stroke": "#CCCCCC",
        "strokeWidth": 0.4,
        "__gm_id": "feature-291",
        "__gm_shape": "line"
      },
      "id": "feature-291"
    },
    {
      "type": "Feature",
      "geometry": {
        "type": "LineString",
        "coordinates": [
          [
            -113.997143732983,
            46.866443586263
          ],
          [
            -113.997135282405,
            46.866453222104
          ]
        ]
      },
      "properties": {
        "svgPathIndex": 142,
        "elementId": null,
        "category": "parking_marking",
        "fill": "none",
        "stroke": "#CCCCCC",
        "strokeWidth": 0.4,
        "__gm_id": "feature-293",
        "__gm_shape": "line"
      },
      "id": "feature-293"
    },
    {
      "type": "Feature",
      "geometry": {
        "type": "LineString",
        "coordinates": [
          [
            -113.997153220656,
            46.866443519071
          ],
          [
            -113.997144774381,
            46.866453464315
          ]
        ]
      },
      "properties": {
        "svgPathIndex": 143,
        "elementId": null,
        "category": "parking_marking",
        "fill": "none",
        "stroke": "#CCCCCC",
        "strokeWidth": 0.4,
        "__gm_id": "feature-295",
        "__gm_shape": "line"
      },
      "id": "feature-295"
    },
    {
      "type": "Feature",
      "geometry": {
        "type": "LineString",
        "coordinates": [
          [
            -113.997162255852,
            46.866443455083
          ],
          [
            -113.997154261028,
            46.86645339713
          ]
        ]
      },
      "properties": {
        "svgPathIndex": 144,
        "elementId": null,
        "category": "parking_marking",
        "fill": "none",
        "stroke": "#CCCCCC",
        "strokeWidth": 0.4,
        "__gm_id": "feature-297",
        "__gm_shape": "line"
      },
      "id": "feature-297"
    },
    {
      "type": "Feature",
      "geometry": {
        "type": "LineString",
        "coordinates": [
          [
            -113.997171743525,
            46.86644338789
          ],
          [
            -113.997163748702,
            46.866453329937
          ]
        ]
      },
      "properties": {
        "svgPathIndex": 145,
        "elementId": null,
        "category": "parking_marking",
        "fill": "none",
        "stroke": "#CCCCCC",
        "strokeWidth": 0.4,
        "__gm_id": "feature-299",
        "__gm_shape": "line"
      },
      "id": "feature-299"
    },
    {
      "type": "Feature",
      "geometry": {
        "type": "LineString",
        "coordinates": [
          [
            -113.997181230172,
            46.866443320705
          ],
          [
            -113.997172783897,
            46.866453265949
          ]
        ]
      },
      "properties": {
        "svgPathIndex": 146,
        "elementId": null,
        "category": "parking_marking",
        "fill": "none",
        "stroke": "#CCCCCC",
        "strokeWidth": 0.4,
        "__gm_id": "feature-301",
        "__gm_shape": "line"
      },
      "id": "feature-301"
    },
    {
      "type": "Feature",
      "geometry": {
        "type": "LineString",
        "coordinates": [
          [
            -113.997190717846,
            46.866443253513
          ],
          [
            -113.99718227157,
            46.866453198757
          ]
        ]
      },
      "properties": {
        "svgPathIndex": 147,
        "elementId": null,
        "category": "parking_marking",
        "fill": "none",
        "stroke": "#CCCCCC",
        "strokeWidth": 0.4,
        "__gm_id": "feature-303",
        "__gm_shape": "line"
      },
      "id": "feature-303"
    },
    {
      "type": "Feature",
      "geometry": {
        "type": "LineString",
        "coordinates": [
          [
            -113.997199753041,
            46.866443189525
          ],
          [
            -113.997191759244,
            46.866453131564
          ]
        ]
      },
      "properties": {
        "svgPathIndex": 148,
        "elementId": null,
        "category": "parking_marking",
        "fill": "none",
        "stroke": "#CCCCCC",
        "strokeWidth": 0.4,
        "__gm_id": "feature-305",
        "__gm_shape": "line"
      },
      "id": "feature-305"
    },
    {
      "type": "Feature",
      "geometry": {
        "type": "LineString",
        "coordinates": [
          [
            -113.996589482089,
            46.866518251135
          ],
          [
            -113.996566130488,
            46.866561044807
          ]
        ]
      },
      "properties": {
        "svgPathIndex": 149,
        "elementId": null,
        "category": "parking_marking",
        "fill": "none",
        "stroke": "#CCCCCC",
        "strokeWidth": 0.4,
        "__gm_id": "feature-307",
        "__gm_shape": "line"
      },
      "id": "feature-307"
    },
    {
      "type": "Feature",
      "geometry": {
        "type": "LineString",
        "coordinates": [
          [
            -113.996741389974,
            46.866557640867
          ],
          [
            -113.996718034086,
            46.866600126202
          ]
        ]
      },
      "properties": {
        "svgPathIndex": 150,
        "elementId": null,
        "category": "parking_marking",
        "fill": "none",
        "stroke": "#CCCCCC",
        "strokeWidth": 0.4,
        "__gm_id": "feature-309",
        "__gm_shape": "line"
      },
      "id": "feature-309"
    },
    {
      "type": "Feature",
      "geometry": {
        "type": "LineString",
        "coordinates": [
          [
            -113.996771770498,
            46.866565457809
          ],
          [
            -113.99674841562,
            46.866607942033
          ]
        ]
      },
      "properties": {
        "svgPathIndex": 151,
        "elementId": null,
        "category": "parking_marking",
        "fill": "none",
        "stroke": "#CCCCCC",
        "strokeWidth": 0.4,
        "__gm_id": "feature-311",
        "__gm_shape": "line"
      },
      "id": "feature-311"
    },
    {
      "type": "Feature",
      "geometry": {
        "type": "LineString",
        "coordinates": [
          [
            -113.996802152032,
            46.866573273645
          ],
          [
            -113.996778344692,
            46.866615762164
          ]
        ]
      },
      "properties": {
        "svgPathIndex": 152,
        "elementId": null,
        "category": "parking_marking",
        "fill": "none",
        "stroke": "#CCCCCC",
        "strokeWidth": 0.4,
        "__gm_id": "feature-313",
        "__gm_shape": "line"
      },
      "id": "feature-313"
    },
    {
      "type": "Feature",
      "geometry": {
        "type": "LineString",
        "coordinates": [
          [
            -113.996832532556,
            46.866581090584
          ],
          [
            -113.9968087252,
            46.866623578
          ]
        ]
      },
      "properties": {
        "svgPathIndex": 153,
        "elementId": null,
        "category": "parking_marking",
        "fill": "none",
        "stroke": "#CCCCCC",
        "strokeWidth": 0.4,
        "__gm_id": "feature-315",
        "__gm_shape": "line"
      },
      "id": "feature-315"
    },
    {
      "type": "Feature",
      "geometry": {
        "type": "LineString",
        "coordinates": [
          [
            -113.996864272734,
            46.866589205132
          ],
          [
            -113.996840921148,
            46.866631999843
          ]
        ]
      },
      "properties": {
        "svgPathIndex": 154,
        "elementId": null,
        "category": "parking_marking",
        "fill": "none",
        "stroke": "#CCCCCC",
        "strokeWidth": 0.4,
        "__gm_id": "feature-317",
        "__gm_shape": "line"
      },
      "id": "feature-317"
    },
    {
      "type": "Feature",
      "geometry": {
        "type": "LineString",
        "coordinates": [
          [
            -113.997003448935,
            46.86646033456
          ],
          [
            -113.996980097334,
            46.866503128278
          ]
        ]
      },
      "properties": {
        "svgPathIndex": 155,
        "elementId": null,
        "category": "parking_marking",
        "fill": "none",
        "stroke": "#CCCCCC",
        "strokeWidth": 0.4,
        "__gm_id": "feature-319",
        "__gm_shape": "line"
      },
      "id": "feature-319"
    },
    {
      "type": "Feature",
      "geometry": {
        "type": "LineString",
        "coordinates": [
          [
            -113.99592724228,
            46.866235351566
          ],
          [
            -113.995926176548,
            46.866191185578
          ]
        ]
      },
      "properties": {
        "svgPathIndex": 156,
        "elementId": null,
        "category": "parking_marking",
        "fill": "none",
        "stroke": "#CCCCCC",
        "strokeWidth": 0.4,
        "__gm_id": "feature-321",
        "__gm_shape": "line"
      },
      "id": "feature-321"
    },
    {
      "type": "Feature",
      "geometry": {
        "type": "LineString",
        "coordinates": [
          [
            -113.995879882871,
            46.866273681645
          ],
          [
            -113.995815734824,
            46.866274445382
          ]
        ]
      },
      "properties": {
        "svgPathIndex": 157,
        "elementId": null,
        "category": "parking_marking",
        "fill": "none",
        "stroke": "#CCCCCC",
        "strokeWidth": 0.4,
        "__gm_id": "feature-323",
        "__gm_shape": "line"
      },
      "id": "feature-323"
    },
    {
      "type": "Feature",
      "geometry": {
        "type": "LineString",
        "coordinates": [
          [
            -113.995880196458,
            46.866296229766
          ],
          [
            -113.995816044108,
            46.866296684099
          ]
        ]
      },
      "properties": {
        "svgPathIndex": 158,
        "elementId": null,
        "category": "parking_marking",
        "fill": "none",
        "stroke": "#CCCCCC",
        "strokeWidth": 0.4,
        "__gm_id": "feature-325",
        "__gm_shape": "line"
      },
      "id": "feature-325"
    },
    {
      "type": "Feature",
      "geometry": {
        "type": "LineString",
        "coordinates": [
          [
            -113.995880505742,
            46.866318468473
          ],
          [
            -113.995816353392,
            46.866318922805
          ]
        ]
      },
      "properties": {
        "svgPathIndex": 159,
        "elementId": null,
        "category": "parking_marking",
        "fill": "none",
        "stroke": "#CCCCCC",
        "strokeWidth": 0.4,
        "__gm_id": "feature-327",
        "__gm_shape": "line"
      },
      "id": "feature-327"
    },
    {
      "type": "Feature",
      "geometry": {
        "type": "LineString",
        "coordinates": [
          [
            -113.997118686037,
            46.866689341735
          ],
          [
            -113.997056555703,
            46.866672791481
          ]
        ]
      },
      "properties": {
        "svgPathIndex": 160,
        "elementId": null,
        "category": "parking_marking",
        "fill": "none",
        "stroke": "#CCCCCC",
        "strokeWidth": 0.4,
        "__gm_id": "feature-329",
        "__gm_shape": "line"
      },
      "id": "feature-329"
    },
    {
      "type": "Feature",
      "geometry": {
        "type": "LineString",
        "coordinates": [
          [
            -113.997130600962,
            46.866668869913
          ],
          [
            -113.997068470629,
            46.866652319653
          ]
        ]
      },
      "properties": {
        "svgPathIndex": 161,
        "elementId": null,
        "category": "parking_marking",
        "fill": "none",
        "stroke": "#CCCCCC",
        "strokeWidth": 0.4,
        "__gm_id": "feature-331",
        "__gm_shape": "line"
      },
      "id": "feature-331"
    }
  ]
}